C:\Users\a_hus\OneDrive\Documents\02_personal\04_education\01_GT_MS\01_courses\2026\cs7643_deep_learning\03_project\.venv\Lib\site-packages\torch\nn\modules\transformer.py:531: UserWarning: The PyTorch API of nested tensors is in prototype stage and will change in the near future. We recommend specifying layout=torch.jagged when constructing a nested tensor, as this layout receives active development, has better operator coverage, and works with torch.compile. (Triggered internally at C:\actions-runner\_work\pytorch\pytorch\pytorch\aten\src\ATen\NestedTensorImpl.cpp:182.)
  output = torch._nested_tensor_from_mask(
device=cuda | cfg=QUICK | bs=6 L=512 epochs=20 k=3
gpu=NVIDIA GeForce RTX 5070 Laptop GPU | VRAM free 7.4/8.5 GB
discovered 773 wells in train

--- fold 1/3: train 515 / val 258 (n_synth=257) ---
ep0 step0: loss=1.8988 (reg=0.0963 align=6.000)
ep0 step200: loss=1.6260 (reg=0.0210 align=5.349)
ep0 step400: loss=1.2145 (reg=0.0239 align=3.968)
ep0 step600: loss=1.1073 (reg=0.0112 align=3.653)
ep0 step800: loss=1.1517 (reg=0.0153 align=3.787)
ep0 step1000: loss=1.2075 (reg=0.0132 align=3.981)
ep0 step1200: loss=1.0856 (reg=0.0099 align=3.585)
ep0 step1400: loss=1.1990 (reg=0.0273 align=3.905)
ep0 step1600: loss=1.1524 (reg=0.0052 align=3.824)
ep0 step1800: loss=1.0891 (reg=0.0057 align=3.611)
ep0 step2000: loss=1.2082 (reg=0.0112 align=3.989)
ep0 step2200: loss=1.4026 (reg=0.0043 align=4.661)
ep0 step2400: loss=1.2723 (reg=0.0137 align=4.195)
ep0 step2600: loss=0.9821 (reg=0.0077 align=3.248)
ep0 step2800: loss=1.3337 (reg=0.0029 align=4.436)
ep0 step3000: loss=1.0232 (reg=0.0069 align=3.387)
ep0 step3200: loss=1.0310 (reg=0.0046 align=3.421)
ep0 step3400: loss=1.0699 (reg=0.0227 align=3.490)
ep0 step3600: loss=1.0463 (reg=0.0087 align=3.459)
ep0 step3800: loss=1.0598 (reg=0.0034 align=3.521)
ep0 step4000: loss=0.9578 (reg=0.0065 align=3.171)
ep1 step4200: loss=0.9247 (reg=0.0100 align=3.049)
ep1 step4400: loss=1.2945 (reg=0.0132 align=4.271)
ep1 step4600: loss=1.1718 (reg=0.0163 align=3.852)
ep1 step4800: loss=0.7599 (reg=0.0066 align=2.511)
ep1 step5000: loss=0.9434 (reg=0.0050 align=3.128)
ep1 step5200: loss=0.8406 (reg=0.0056 align=2.783)
ep1 step5400: loss=0.8572 (reg=0.0065 align=2.836)
ep1 step5600: loss=1.1053 (reg=0.0053 align=3.666)
ep1 step5800: loss=0.8112 (reg=0.0035 align=2.692)
ep1 step6000: loss=0.7182 (reg=0.0059 align=2.374)
ep1 step6200: loss=0.9714 (reg=0.0037 align=3.226)
ep1 step6400: loss=0.7189 (reg=0.0061 align=2.376)
ep1 step6600: loss=1.0205 (reg=0.0392 align=3.271)
ep1 step6800: loss=0.7680 (reg=0.0041 align=2.546)
ep1 step7000: loss=0.9112 (reg=0.0050 align=3.020)
ep1 step7200: loss=0.6668 (reg=0.0053 align=2.205)
ep1 step7400: loss=0.7349 (reg=0.0037 align=2.437)
ep1 step7600: loss=0.8663 (reg=0.0085 align=2.859)
ep1 step7800: loss=0.9201 (reg=0.0026 align=3.058)
ep1 step8000: loss=0.7857 (reg=0.0037 align=2.607)
ep1 step8200: loss=0.9446 (reg=0.0042 align=3.135)
ep2 step8400: loss=0.8696 (reg=0.0349 align=2.782)
ep2 step8600: loss=0.5167 (reg=0.0055 align=1.704)
ep2 step8800: loss=0.9025 (reg=0.0050 align=2.992)
ep2 step9000: loss=0.7019 (reg=0.0032 align=2.329)
ep2 step9200: loss=0.7358 (reg=0.0070 align=2.429)
ep2 step9400: loss=0.6446 (reg=0.0059 align=2.129)
ep2 step9600: loss=0.6809 (reg=0.0051 align=2.253)
ep2 step9800: loss=0.7269 (reg=0.0021 align=2.416)
ep2 step10000: loss=0.8038 (reg=0.0108 align=2.643)
ep2 step10200: loss=0.7852 (reg=0.0055 align=2.599)
ep2 step10400: loss=0.6745 (reg=0.0095 align=2.217)
ep2 step10600: loss=0.5635 (reg=0.0043 align=1.864)
ep2 step10800: loss=0.5896 (reg=0.0032 align=1.955)
ep2 step11000: loss=0.5090 (reg=0.0065 align=1.675)
ep2 step11200: loss=0.6302 (reg=0.0046 align=2.085)
ep2 step11400: loss=0.6266 (reg=0.0026 align=2.080)
ep2 step11600: loss=0.6115 (reg=0.0046 align=2.023)
ep2 step11800: loss=0.5275 (reg=0.0063 align=1.737)
ep2 step12000: loss=0.6794 (reg=0.0024 align=2.256)
ep2 step12200: loss=0.9182 (reg=0.0009 align=3.058)
ep3 step12400: loss=0.7768 (reg=0.0113 align=2.551)
ep3 step12600: loss=0.6282 (reg=0.0035 align=2.082)
ep3 step12800: loss=0.7165 (reg=0.0037 align=2.376)
ep3 step13000: loss=0.7418 (reg=0.0083 align=2.445)
ep3 step13200: loss=0.5119 (reg=0.0102 align=1.672)
ep3 step13400: loss=0.6607 (reg=0.0025 align=2.194)
ep3 step13600: loss=0.5313 (reg=0.0034 align=1.759)
ep3 step13800: loss=0.5400 (reg=0.0029 align=1.790)
ep3 step14000: loss=1.0435 (reg=0.0052 align=3.461)
ep3 step14200: loss=0.6665 (reg=0.0064 align=2.200)
ep3 step14400: loss=0.7840 (reg=0.0092 align=2.582)
ep3 step14600: loss=0.5751 (reg=0.0047 align=1.901)
ep3 step14800: loss=0.4502 (reg=0.0016 align=1.495)
ep3 step15000: loss=0.4855 (reg=0.0058 align=1.599)
ep3 step15200: loss=0.6203 (reg=0.0032 align=2.057)
ep3 step15400: loss=0.4062 (reg=0.0061 align=1.334)
ep3 step15600: loss=0.5290 (reg=0.0061 align=1.743)
ep3 step15800: loss=0.5423 (reg=0.0056 align=1.789)
ep3 step16000: loss=0.5789 (reg=0.0041 align=1.916)
ep3 step16200: loss=0.5949 (reg=0.0035 align=1.971)
ep3 step16400: loss=0.5380 (reg=0.0035 align=1.781)
ep4 step16600: loss=0.5265 (reg=0.0045 align=1.740)
ep4 step16800: loss=0.3154 (reg=0.0043 align=1.037)
ep4 step17000: loss=0.5074 (reg=0.0054 align=1.673)
ep4 step17200: loss=0.5006 (reg=0.0042 align=1.654)
ep4 step17400: loss=0.5991 (reg=0.0009 align=1.994)
ep4 step17600: loss=0.6985 (reg=0.0122 align=2.288)
ep4 step17800: loss=0.6684 (reg=0.0065 align=2.206)
ep4 step18000: loss=0.6061 (reg=0.0025 align=2.012)
ep4 step18200: loss=0.8087 (reg=0.0044 align=2.681)
ep4 step18400: loss=0.6632 (reg=0.0018 align=2.205)
ep4 step18600: loss=0.4876 (reg=0.0069 align=1.602)
ep4 step18800: loss=0.5120 (reg=0.0037 align=1.694)
ep4 step19000: loss=0.4479 (reg=0.0027 align=1.484)
ep4 step19200: loss=0.4407 (reg=0.0059 align=1.449)
ep4 step19400: loss=0.4419 (reg=0.0048 align=1.457)
ep4 step19600: loss=0.5093 (reg=0.0062 align=1.677)
ep4 step19800: loss=0.5507 (reg=0.0026 align=1.827)
ep4 step20000: loss=0.5821 (reg=0.0018 align=1.934)
ep4 step20200: loss=0.5418 (reg=0.0069 align=1.783)
ep4 step20400: loss=0.4371 (reg=0.0081 align=1.430)
ep5 step20600: loss=0.4716 (reg=0.0184 align=1.510)
ep5 step20800: loss=0.6188 (reg=0.0063 align=2.041)
ep5 step21000: loss=0.6027 (reg=0.0119 align=1.969)
ep5 step21200: loss=0.4690 (reg=0.0024 align=1.555)
ep5 step21400: loss=0.4539 (reg=0.0033 align=1.502)
ep5 step21600: loss=0.9505 (reg=0.0022 align=3.161)
ep5 step21800: loss=0.8062 (reg=0.0177 align=2.628)
ep5 step22000: loss=0.4116 (reg=0.0039 align=1.359)
ep5 step22200: loss=0.4839 (reg=0.0060 align=1.593)
ep5 step22400: loss=0.6447 (reg=0.0060 align=2.129)
ep5 step22600: loss=0.3873 (reg=0.0038 align=1.278)
ep5 step22800: loss=0.4161 (reg=0.0057 align=1.368)
ep5 step23000: loss=0.4522 (reg=0.0039 align=1.494)
ep5 step23200: loss=0.6564 (reg=0.0111 align=2.151)
ep5 step23400: loss=0.6286 (reg=0.0042 align=2.081)
ep5 step23600: loss=0.2959 (reg=0.0050 align=0.969)
ep5 step23800: loss=0.6334 (reg=0.0064 align=2.090)
ep5 step24000: loss=0.3669 (reg=0.0220 align=1.149)
ep5 step24200: loss=0.5927 (reg=0.0020 align=1.969)
ep5 step24400: loss=0.4211 (reg=0.0035 align=1.392)
ep5 step24600: loss=0.6251 (reg=0.0645 align=1.868)
ep6 step24800: loss=0.4638 (reg=0.0035 align=1.534)
ep6 step25000: loss=0.4757 (reg=0.0052 align=1.568)
ep6 step25200: loss=0.6266 (reg=0.0023 align=2.081)
ep6 step25400: loss=0.4497 (reg=0.0033 align=1.488)
ep6 step25600: loss=0.4237 (reg=0.0038 align=1.399)
ep6 step25800: loss=0.4944 (reg=0.0036 align=1.636)
ep6 step26000: loss=0.4989 (reg=0.0020 align=1.656)
ep6 step26200: loss=0.2904 (reg=0.0035 align=0.956)
ep6 step26400: loss=0.3293 (reg=0.0034 align=1.086)
ep6 step26600: loss=0.3146 (reg=0.0079 align=1.022)
ep6 step26800: loss=0.5234 (reg=0.0053 align=1.727)
ep6 step27000: loss=0.2917 (reg=0.0046 align=0.957)
ep6 step27200: loss=0.3950 (reg=0.0038 align=1.304)
ep6 step27400: loss=0.5302 (reg=0.0069 align=1.744)
ep6 step27600: loss=0.5780 (reg=0.0055 align=1.908)
ep6 step27800: loss=0.4839 (reg=0.0018 align=1.607)
ep6 step28000: loss=0.6364 (reg=0.0022 align=2.114)
ep6 step28200: loss=0.3579 (reg=0.0040 align=1.180)
ep6 step28400: loss=0.3747 (reg=0.0064 align=1.227)
ep6 step28600: loss=0.3818 (reg=0.0033 align=1.262)
ep6 step28800: loss=0.4925 (reg=0.0012 align=1.637)
ep7 step29000: loss=0.6789 (reg=0.0051 align=2.246)
ep7 step29200: loss=0.5118 (reg=0.0032 align=1.695)
ep7 step29400: loss=0.6571 (reg=0.0081 align=2.163)
ep7 step29600: loss=0.4776 (reg=0.0054 align=1.574)
ep7 step29800: loss=0.4499 (reg=0.0054 align=1.482)
ep7 step30000: loss=0.3690 (reg=0.0038 align=1.217)
ep7 step30200: loss=0.5115 (reg=0.0057 align=1.686)
ep7 step30400: loss=0.4461 (reg=0.0040 align=1.473)
ep7 step30600: loss=0.4157 (reg=0.0039 align=1.373)
ep7 step30800: loss=0.3223 (reg=0.0061 align=1.054)
ep7 step31000: loss=0.3270 (reg=0.0039 align=1.077)
ep7 step31200: loss=0.5979 (reg=0.0039 align=1.980)
ep7 step31400: loss=0.3610 (reg=0.0064 align=1.182)
ep7 step31600: loss=0.5087 (reg=0.0037 align=1.683)
ep7 step31800: loss=0.7253 (reg=0.0049 align=2.401)
ep7 step32000: loss=0.1978 (reg=0.0070 align=0.636)
ep7 step32200: loss=0.4485 (reg=0.0039 align=1.482)
ep7 step32400: loss=0.3865 (reg=0.0063 align=1.267)
ep7 step32600: loss=0.4891 (reg=0.0068 align=1.607)
ep7 step32800: loss=0.3546 (reg=0.0036 align=1.170)
ep8 step33000: loss=0.6379 (reg=0.0044 align=2.111)
ep8 step33200: loss=0.4139 (reg=0.0039 align=1.366)
ep8 step33400: loss=0.2420 (reg=0.0017 align=0.801)
ep8 step33600: loss=0.3124 (reg=0.0027 align=1.032)
ep8 step33800: loss=0.5258 (reg=0.0062 align=1.732)
ep8 step34000: loss=0.4742 (reg=0.0054 align=1.562)
ep8 step34200: loss=0.4373 (reg=0.0057 align=1.439)
ep8 step34400: loss=0.4605 (reg=0.0027 align=1.526)
ep8 step34600: loss=0.4356 (reg=0.0079 align=1.426)
ep8 step34800: loss=0.3955 (reg=0.0071 align=1.294)
ep8 step35000: loss=0.2613 (reg=0.0073 align=0.846)
ep8 step35200: loss=0.6030 (reg=0.0067 align=1.988)
ep8 step35400: loss=0.5958 (reg=0.0022 align=1.979)
ep8 step35600: loss=0.4874 (reg=0.0054 align=1.607)
ep8 step35800: loss=0.4407 (reg=0.0069 align=1.446)
ep8 step36000: loss=0.2470 (reg=0.0052 align=0.806)
ep8 step36200: loss=0.4147 (reg=0.0032 align=1.371)
ep8 step36400: loss=0.2979 (reg=0.0063 align=0.972)
ep8 step36600: loss=0.3855 (reg=0.0080 align=1.258)
ep8 step36800: loss=0.3629 (reg=0.0036 align=1.197)
ep8 step37000: loss=0.4306 (reg=0.0024 align=1.427)
ep9 step37200: loss=0.4648 (reg=0.0046 align=1.534)
ep9 step37400: loss=0.2929 (reg=0.0052 align=0.959)
ep9 step37600: loss=0.6604 (reg=0.0105 align=2.166)
ep9 step37800: loss=0.4637 (reg=0.0284 align=1.451)
ep9 step38000: loss=0.4108 (reg=0.0472 align=1.212)
ep9 step38200: loss=0.3043 (reg=0.0050 align=0.998)
ep9 step38400: loss=0.3842 (reg=0.0028 align=1.271)
ep9 step38600: loss=0.5207 (reg=0.0033 align=1.724)
ep9 step38800: loss=0.4173 (reg=0.0011 align=1.387)
ep9 step39000: loss=0.2249 (reg=0.0069 align=0.727)
ep9 step39200: loss=0.4534 (reg=0.0071 align=1.487)
ep9 step39400: loss=0.3213 (reg=0.0030 align=1.061)
ep9 step39600: loss=0.5249 (reg=0.0048 align=1.734)
ep9 step39800: loss=0.3590 (reg=0.0059 align=1.177)
ep9 step40000: loss=0.4852 (reg=0.0048 align=1.601)
ep9 step40200: loss=0.4622 (reg=0.0012 align=1.536)
ep9 step40400: loss=0.5189 (reg=0.0103 align=1.695)
ep9 step40600: loss=0.6405 (reg=0.0040 align=2.121)
ep9 step40800: loss=0.5274 (reg=0.0131 align=1.714)
ep9 step41000: loss=0.4198 (reg=0.0629 align=1.190)
ep10 step41200: loss=0.3216 (reg=0.0028 align=1.063)
ep10 step41400: loss=0.3570 (reg=0.0040 align=1.177)
ep10 step41600: loss=0.3914 (reg=0.0076 align=1.279)
ep10 step41800: loss=0.3391 (reg=0.0065 align=1.109)
ep10 step42000: loss=0.5477 (reg=0.0043 align=1.811)
ep10 step42200: loss=0.6616 (reg=0.0047 align=2.190)
ep10 step42400: loss=0.4486 (reg=0.0040 align=1.482)
ep10 step42600: loss=0.5694 (reg=0.0185 align=1.836)
ep10 step42800: loss=0.2495 (reg=0.0074 align=0.807)
ep10 step43000: loss=0.4434 (reg=0.0061 align=1.457)
ep10 step43200: loss=0.4938 (reg=0.0055 align=1.628)
ep10 step43400: loss=0.4021 (reg=0.0019 align=1.334)
ep10 step43600: loss=0.3275 (reg=0.0039 align=1.079)
ep10 step43800: loss=0.3208 (reg=0.0157 align=1.017)
ep10 step44000: loss=0.3661 (reg=0.0053 align=1.202)
ep10 step44200: loss=0.4557 (reg=0.0021 align=1.512)
ep10 step44400: loss=0.5138 (reg=0.0066 align=1.690)
ep10 step44600: loss=0.4629 (reg=0.0063 align=1.522)
ep10 step44800: loss=0.4212 (reg=0.0078 align=1.378)
ep10 step45000: loss=0.2919 (reg=0.0049 align=0.957)
ep10 step45200: loss=0.4826 (reg=0.0021 align=1.602)
ep11 step45400: loss=0.3561 (reg=0.0033 align=1.176)
ep11 step45600: loss=0.2855 (reg=0.0081 align=0.924)
ep11 step45800: loss=0.4134 (reg=0.0102 align=1.344)
ep11 step46000: loss=0.5346 (reg=0.0052 align=1.764)
ep11 step46200: loss=0.3308 (reg=0.0086 align=1.074)
ep11 step46400: loss=0.3565 (reg=0.0055 align=1.170)
ep11 step46600: loss=0.5066 (reg=0.0034 align=1.677)
ep11 step46800: loss=0.3088 (reg=0.0032 align=1.018)
ep11 step47000: loss=0.5136 (reg=0.0098 align=1.679)
ep11 step47200: loss=0.2697 (reg=0.0051 align=0.882)
ep11 step47400: loss=0.4994 (reg=0.0172 align=1.607)
ep11 step47600: loss=0.3951 (reg=0.0105 align=1.282)
ep11 step47800: loss=0.4053 (reg=0.0057 align=1.332)
ep11 step48000: loss=0.4325 (reg=0.0038 align=1.429)
ep11 step48200: loss=0.3728 (reg=0.0047 align=1.227)
ep11 step48400: loss=0.4001 (reg=0.0063 align=1.313)
ep11 step48600: loss=0.3069 (reg=0.0056 align=1.004)
ep11 step48800: loss=0.3157 (reg=0.0046 align=1.037)
ep11 step49000: loss=0.3446 (reg=0.0044 align=1.134)
ep11 step49200: loss=0.3657 (reg=0.0024 align=1.211)
ep11 step49400: loss=0.4044 (reg=0.0070 align=1.324)
ep12 step49600: loss=0.5447 (reg=0.0092 align=1.785)
ep12 step49800: loss=0.3012 (reg=0.0039 align=0.991)
ep12 step50000: loss=0.2926 (reg=0.0064 align=0.954)
ep12 step50200: loss=0.3680 (reg=0.0036 align=1.215)
ep12 step50400: loss=0.4289 (reg=0.0059 align=1.410)
ep12 step50600: loss=0.3864 (reg=0.0045 align=1.273)
ep12 step50800: loss=0.1750 (reg=0.0032 align=0.572)
ep12 step51000: loss=0.3822 (reg=0.0096 align=1.242)
ep12 step51200: loss=0.4066 (reg=0.0019 align=1.349)
ep12 step51400: loss=0.3778 (reg=0.0025 align=1.251)
ep12 step51600: loss=0.3572 (reg=0.0044 align=1.176)
ep12 step51800: loss=0.1309 (reg=0.0054 align=0.418)
ep12 step52000: loss=0.5268 (reg=0.0174 align=1.698)
ep12 step52200: loss=0.3071 (reg=0.0040 align=1.010)
ep12 step52400: loss=0.3204 (reg=0.0041 align=1.055)
ep12 step52600: loss=0.4414 (reg=0.0058 align=1.452)
ep12 step52800: loss=0.4439 (reg=0.0037 align=1.467)
ep12 step53000: loss=0.3025 (reg=0.0052 align=0.991)
ep12 step53200: loss=0.2830 (reg=0.0079 align=0.917)
ep12 step53400: loss=0.3237 (reg=0.0016 align=1.074)
ep13 step53600: loss=0.4301 (reg=0.0061 align=1.413)
ep13 step53800: loss=0.4666 (reg=0.0093 align=1.524)
ep13 step54000: loss=0.3954 (reg=0.0050 align=1.301)
ep13 step54200: loss=0.2038 (reg=0.0092 align=0.649)
ep13 step54400: loss=0.4334 (reg=0.0070 align=1.421)
ep13 step54600: loss=0.3461 (reg=0.0119 align=1.114)
ep13 step54800: loss=0.3172 (reg=0.0071 align=1.034)
ep13 step55000: loss=0.1528 (reg=0.0028 align=0.500)
ep13 step55200: loss=0.3359 (reg=0.0041 align=1.106)
ep13 step55400: loss=0.4796 (reg=0.0014 align=1.594)
ep13 step55600: loss=0.2202 (reg=0.0013 align=0.729)
ep13 step55800: loss=0.3669 (reg=0.0102 align=1.189)
ep13 step56000: loss=0.3615 (reg=0.0055 align=1.186)
ep13 step56200: loss=0.4653 (reg=0.0365 align=1.429)
ep13 step56400: loss=0.4709 (reg=0.0090 align=1.540)
ep13 step56600: loss=0.1677 (reg=0.0042 align=0.545)
ep13 step56800: loss=0.2864 (reg=0.0074 align=0.930)
ep13 step57000: loss=0.2788 (reg=0.0050 align=0.913)
ep13 step57200: loss=0.5067 (reg=0.0044 align=1.674)
ep13 step57400: loss=0.2905 (reg=0.0027 align=0.959)
ep13 step57600: loss=0.4276 (reg=0.0057 align=1.406)
ep14 step57800: loss=0.4054 (reg=0.0043 align=1.337)
ep14 step58000: loss=0.4062 (reg=0.0079 align=1.327)
ep14 step58200: loss=0.2378 (reg=0.0037 align=0.780)
ep14 step58400: loss=0.3874 (reg=0.0064 align=1.269)
ep14 step58600: loss=0.2308 (reg=0.0033 align=0.758)
ep14 step58800: loss=0.3740 (reg=0.0037 align=1.234)
ep14 step59000: loss=0.1314 (reg=0.0044 align=0.423)
ep14 step59200: loss=0.4069 (reg=0.0072 align=1.332)
ep14 step59400: loss=0.2779 (reg=0.0053 align=0.908)
ep14 step59600: loss=0.4326 (reg=0.0168 align=1.386)
ep14 step59800: loss=0.2595 (reg=0.0035 align=0.853)
ep14 step60000: loss=0.4097 (reg=0.0070 align=1.342)
ep14 step60200: loss=0.3109 (reg=0.0040 align=1.023)
ep14 step60400: loss=0.3711 (reg=0.0050 align=1.220)
ep14 step60600: loss=0.4205 (reg=0.0062 align=1.381)
ep14 step60800: loss=0.3551 (reg=0.0285 align=1.089)
ep14 step61000: loss=0.3625 (reg=0.0065 align=1.187)
ep14 step61200: loss=0.2070 (reg=0.0042 align=0.676)
ep14 step61400: loss=0.3987 (reg=0.0050 align=1.312)
ep14 step61600: loss=0.5243 (reg=0.0043 align=1.733)
ep15 step61800: loss=0.3845 (reg=0.0053 align=1.264)
ep15 step62000: loss=0.4578 (reg=0.0043 align=1.511)
ep15 step62200: loss=0.3929 (reg=0.0041 align=1.296)
ep15 step62400: loss=0.1851 (reg=0.0043 align=0.602)
ep15 step62600: loss=0.5001 (reg=0.0164 align=1.612)
ep15 step62800: loss=0.2932 (reg=0.0059 align=0.958)
ep15 step63000: loss=0.2180 (reg=0.0027 align=0.718)
ep15 step63200: loss=0.2640 (reg=0.0060 align=0.860)
ep15 step63400: loss=0.2110 (reg=0.0042 align=0.689)
ep15 step63600: loss=0.3929 (reg=0.0094 align=1.278)
ep15 step63800: loss=0.3655 (reg=0.0265 align=1.130)
ep15 step64000: loss=0.3064 (reg=0.0033 align=1.010)
ep15 step64200: loss=0.2553 (reg=0.0024 align=0.843)
ep15 step64400: loss=0.3219 (reg=0.0028 align=1.064)
ep15 step64600: loss=0.3054 (reg=0.0088 align=0.989)
ep15 step64800: loss=0.4631 (reg=0.0102 align=1.509)
ep15 step65000: loss=0.5621 (reg=0.0073 align=1.849)
ep15 step65200: loss=0.3279 (reg=0.0032 align=1.082)
ep15 step65400: loss=0.3010 (reg=0.0073 align=0.979)
ep15 step65600: loss=0.4307 (reg=0.0027 align=1.426)
ep15 step65800: loss=0.1940 (reg=0.0036 align=0.634)
ep16 step66000: loss=0.3662 (reg=0.0053 align=1.203)
ep16 step66200: loss=0.4347 (reg=0.0066 align=1.427)
ep16 step66400: loss=0.6122 (reg=0.0141 align=1.994)
ep16 step66600: loss=0.3747 (reg=0.0076 align=1.224)
ep16 step66800: loss=0.3460 (reg=0.0015 align=1.148)
ep16 step67000: loss=0.3274 (reg=0.0056 align=1.073)
ep16 step67200: loss=0.5389 (reg=0.0275 align=1.704)
ep16 step67400: loss=0.3116 (reg=0.0157 align=0.986)
ep16 step67600: loss=0.2520 (reg=0.0042 align=0.826)
ep16 step67800: loss=0.2097 (reg=0.0071 align=0.675)
ep16 step68000: loss=0.3114 (reg=0.0022 align=1.030)
ep16 step68200: loss=0.3965 (reg=0.0052 align=1.304)
ep16 step68400: loss=0.4803 (reg=0.0151 align=1.550)
ep16 step68600: loss=0.3145 (reg=0.0020 align=1.042)
ep16 step68800: loss=0.3353 (reg=0.0189 align=1.054)
ep16 step69000: loss=0.3410 (reg=0.0072 align=1.112)
ep16 step69200: loss=0.4131 (reg=0.0042 align=1.363)
ep16 step69400: loss=0.1954 (reg=0.0045 align=0.636)
ep16 step69600: loss=0.3197 (reg=0.0012 align=1.062)
ep16 step69800: loss=0.2596 (reg=0.0084 align=0.837)
ep16 step70000: loss=0.5440 (reg=0.0107 align=1.777)
ep17 step70200: loss=0.3800 (reg=0.0080 align=1.240)
ep17 step70400: loss=0.3933 (reg=0.0059 align=1.291)
ep17 step70600: loss=0.2414 (reg=0.0034 align=0.793)
ep17 step70800: loss=0.2027 (reg=0.0027 align=0.667)
ep17 step71000: loss=0.2408 (reg=0.0038 align=0.790)
ep17 step71200: loss=0.2462 (reg=0.0009 align=0.818)
ep17 step71400: loss=0.4361 (reg=0.0146 align=1.405)
ep17 step71600: loss=0.3733 (reg=0.0109 align=1.208)
ep17 step71800: loss=0.1865 (reg=0.0096 align=0.590)
ep17 step72000: loss=0.3901 (reg=0.0121 align=1.260)
ep17 step72200: loss=0.3794 (reg=0.0039 align=1.251)
ep17 step72400: loss=0.2529 (reg=0.0035 align=0.831)
ep17 step72600: loss=0.1783 (reg=0.0052 align=0.577)
ep17 step72800: loss=0.3474 (reg=0.0029 align=1.148)
ep17 step73000: loss=0.5057 (reg=0.0097 align=1.653)
ep17 step73200: loss=0.2667 (reg=0.0037 align=0.877)
ep17 step73400: loss=0.3552 (reg=0.0030 align=1.174)
ep17 step73600: loss=0.1988 (reg=0.0043 align=0.648)
ep17 step73800: loss=0.2475 (reg=0.0031 align=0.814)
ep17 step74000: loss=0.3349 (reg=0.0081 align=1.089)
ep18 step74200: loss=0.3580 (reg=0.0022 align=1.186)
ep18 step74400: loss=0.3655 (reg=0.0035 align=1.207)
ep18 step74600: loss=0.2890 (reg=0.0022 align=0.956)
ep18 step74800: loss=0.2591 (reg=0.0052 align=0.846)
ep18 step75000: loss=0.2374 (reg=0.0037 align=0.779)
ep18 step75200: loss=0.5108 (reg=0.0045 align=1.688)
ep18 step75400: loss=0.5284 (reg=0.0031 align=1.751)
ep18 step75600: loss=0.3779 (reg=0.0073 align=1.235)
ep18 step75800: loss=0.3257 (reg=0.0073 align=1.061)
ep18 step76000: loss=0.2334 (reg=0.0064 align=0.756)
ep18 step76200: loss=0.2185 (reg=0.0038 align=0.716)
ep18 step76400: loss=0.2882 (reg=0.0031 align=0.950)
ep18 step76600: loss=0.1966 (reg=0.0021 align=0.648)
ep18 step76800: loss=0.3407 (reg=0.0075 align=1.111)
ep18 step77000: loss=0.2093 (reg=0.0034 align=0.686)
ep18 step77200: loss=0.2231 (reg=0.0037 align=0.731)
ep18 step77400: loss=0.4904 (reg=0.0234 align=1.557)
ep18 step77600: loss=0.1278 (reg=0.0038 align=0.413)
ep18 step77800: loss=0.3284 (reg=0.0035 align=1.083)
ep18 step78000: loss=0.3086 (reg=0.0052 align=1.011)
ep18 step78200: loss=0.5654 (reg=0.0064 align=1.863)
ep19 step78400: loss=0.3708 (reg=0.0032 align=1.225)
ep19 step78600: loss=0.2373 (reg=0.0046 align=0.776)
ep19 step78800: loss=0.3268 (reg=0.0064 align=1.068)
ep19 step79000: loss=0.2179 (reg=0.0058 align=0.707)
ep19 step79200: loss=0.2617 (reg=0.0060 align=0.852)
ep19 step79400: loss=0.1868 (reg=0.0029 align=0.613)
ep19 step79600: loss=0.2179 (reg=0.0022 align=0.719)
ep19 step79800: loss=0.2479 (reg=0.0066 align=0.804)
ep19 step80000: loss=0.2768 (reg=0.0006 align=0.921)
ep19 step80200: loss=0.3221 (reg=0.0024 align=1.066)
ep19 step80400: loss=0.4348 (reg=0.0055 align=1.431)
ep19 step80600: loss=0.2446 (reg=0.0042 align=0.801)
ep19 step80800: loss=0.2871 (reg=0.0016 align=0.952)
ep19 step81000: loss=0.4074 (reg=0.0102 align=1.324)
ep19 step81200: loss=0.2159 (reg=0.0063 align=0.698)
ep19 step81400: loss=0.2774 (reg=0.0029 align=0.915)
ep19 step81600: loss=0.2684 (reg=0.0089 align=0.865)
ep19 step81800: loss=0.2108 (reg=0.0039 align=0.690)
ep19 step82000: loss=0.3022 (reg=0.0047 align=0.992)
ep19 step82200: loss=0.3002 (reg=0.0056 align=0.982)

--- fold 2/3: train 515 / val 258 (n_synth=257) ---
ep0 step0: loss=1.8828 (reg=0.1010 align=5.931)
ep0 step200: loss=1.2003 (reg=0.0092 align=3.969)
ep0 step400: loss=1.2307 (reg=0.0098 align=4.069)
ep0 step600: loss=0.9470 (reg=0.0131 align=3.112)
ep0 step800: loss=1.1584 (reg=0.0165 align=3.806)
ep0 step1000: loss=1.2071 (reg=0.0196 align=3.958)
ep0 step1200: loss=1.1843 (reg=0.0086 align=3.919)
ep0 step1400: loss=1.1164 (reg=0.0167 align=3.665)
ep0 step1600: loss=1.1808 (reg=0.0053 align=3.918)
ep0 step1800: loss=1.1413 (reg=0.0051 align=3.787)
ep0 step2000: loss=1.2703 (reg=0.0087 align=4.205)
ep0 step2200: loss=1.1688 (reg=0.0046 align=3.880)
ep0 step2400: loss=1.6096 (reg=0.0192 align=5.301)
ep0 step2600: loss=0.9292 (reg=0.0098 align=3.064)
ep0 step2800: loss=1.2003 (reg=0.0059 align=3.981)
ep0 step3000: loss=1.0554 (reg=0.0075 align=3.493)
ep0 step3200: loss=0.9406 (reg=0.0064 align=3.114)
ep0 step3400: loss=1.0801 (reg=0.0071 align=3.577)
ep0 step3600: loss=0.8769 (reg=0.0107 align=2.887)
ep0 step3800: loss=0.8715 (reg=0.0037 align=2.892)
ep0 step4000: loss=1.0875 (reg=0.0108 align=3.589)
ep1 step4200: loss=1.0134 (reg=0.0099 align=3.345)
ep1 step4400: loss=1.1712 (reg=0.0140 align=3.857)
ep1 step4600: loss=1.1939 (reg=0.0207 align=3.910)
ep1 step4800: loss=0.5876 (reg=0.0049 align=1.942)
ep1 step5000: loss=0.7672 (reg=0.0035 align=2.545)
ep1 step5200: loss=0.7860 (reg=0.0078 align=2.594)
ep1 step5400: loss=1.1041 (reg=0.0068 align=3.658)
ep1 step5600: loss=0.9753 (reg=0.0062 align=3.230)
ep1 step5800: loss=0.8934 (reg=0.0033 align=2.967)
ep1 step6000: loss=0.7820 (reg=0.0041 align=2.593)
ep1 step6200: loss=0.7437 (reg=0.0035 align=2.467)
ep1 step6400: loss=0.6994 (reg=0.0040 align=2.318)
ep1 step6600: loss=1.2442 (reg=0.0531 align=3.970)
ep1 step6800: loss=0.9694 (reg=0.0043 align=3.217)
ep1 step7000: loss=1.1370 (reg=0.0041 align=3.776)
ep1 step7200: loss=0.5544 (reg=0.0050 align=1.831)
ep1 step7400: loss=0.7506 (reg=0.0021 align=2.495)
ep1 step7600: loss=0.8443 (reg=0.0056 align=2.795)
ep1 step7800: loss=0.7984 (reg=0.0009 align=2.658)
ep1 step8000: loss=0.8135 (reg=0.0026 align=2.703)
ep1 step8200: loss=0.7189 (reg=0.0035 align=2.384)
ep2 step8400: loss=0.9664 (reg=0.0647 align=3.005)
ep2 step8600: loss=0.4574 (reg=0.0053 align=1.507)
ep2 step8800: loss=0.7325 (reg=0.0045 align=2.427)
ep2 step9000: loss=0.7394 (reg=0.0028 align=2.455)
ep2 step9200: loss=0.5552 (reg=0.0068 align=1.828)
ep2 step9400: loss=1.0044 (reg=0.0061 align=3.328)
ep2 step9600: loss=0.5056 (reg=0.0053 align=1.668)
ep2 step9800: loss=0.9630 (reg=0.0027 align=3.201)
ep2 step10000: loss=0.5211 (reg=0.0088 align=1.707)
ep2 step10200: loss=0.5516 (reg=0.0059 align=1.819)
ep2 step10400: loss=0.7059 (reg=0.0085 align=2.324)
ep2 step10600: loss=0.5218 (reg=0.0043 align=1.725)
ep2 step10800: loss=0.5251 (reg=0.0034 align=1.739)
ep2 step11000: loss=0.5358 (reg=0.0073 align=1.761)
ep2 step11200: loss=0.7043 (reg=0.0049 align=2.331)
ep2 step11400: loss=0.6427 (reg=0.0025 align=2.134)
ep2 step11600: loss=0.5700 (reg=0.0062 align=1.879)
ep2 step11800: loss=0.4935 (reg=0.0055 align=1.627)
ep2 step12000: loss=0.7985 (reg=0.0025 align=2.653)
ep2 step12200: loss=0.7135 (reg=0.0010 align=2.375)
ep3 step12400: loss=0.7701 (reg=0.0097 align=2.535)
ep3 step12600: loss=0.6011 (reg=0.0036 align=1.991)
ep3 step12800: loss=0.6021 (reg=0.0049 align=1.991)
ep3 step13000: loss=0.6096 (reg=0.0075 align=2.007)
ep3 step13200: loss=0.5041 (reg=0.0090 align=1.650)
ep3 step13400: loss=0.7542 (reg=0.0036 align=2.502)
ep3 step13600: loss=0.5889 (reg=0.0036 align=1.951)
ep3 step13800: loss=0.4879 (reg=0.0031 align=1.616)
ep3 step14000: loss=0.8567 (reg=0.0029 align=2.846)
ep3 step14200: loss=0.7228 (reg=0.0114 align=2.371)
ep3 step14400: loss=0.7426 (reg=0.0061 align=2.455)
ep3 step14600: loss=0.5391 (reg=0.0048 align=1.781)
ep3 step14800: loss=0.6146 (reg=0.0028 align=2.039)
ep3 step15000: loss=0.5314 (reg=0.0155 align=1.719)
ep3 step15200: loss=0.7296 (reg=0.0048 align=2.416)
ep3 step15400: loss=0.5045 (reg=0.0062 align=1.661)
ep3 step15600: loss=0.3801 (reg=0.0069 align=1.244)
ep3 step15800: loss=0.5836 (reg=0.0073 align=1.921)
ep3 step16000: loss=0.5589 (reg=0.0041 align=1.849)
ep3 step16200: loss=0.7070 (reg=0.0050 align=2.340)
ep3 step16400: loss=0.5092 (reg=0.0035 align=1.686)
ep4 step16600: loss=0.5916 (reg=0.0042 align=1.958)
ep4 step16800: loss=0.3745 (reg=0.0035 align=1.237)
ep4 step17000: loss=0.4861 (reg=0.0051 align=1.603)
ep4 step17200: loss=0.4378 (reg=0.0050 align=1.443)
ep4 step17400: loss=0.4499 (reg=0.0012 align=1.496)
ep4 step17600: loss=0.7257 (reg=0.0092 align=2.388)
ep4 step17800: loss=0.5700 (reg=0.0114 align=1.862)
ep4 step18000: loss=0.5798 (reg=0.0012 align=1.929)
ep4 step18200: loss=0.5943 (reg=0.0055 align=1.962)
ep4 step18400: loss=0.5644 (reg=0.0064 align=1.860)
ep4 step18600: loss=0.8873 (reg=0.0072 align=2.933)
ep4 step18800: loss=0.4035 (reg=0.0039 align=1.332)
ep4 step19000: loss=0.6120 (reg=0.0037 align=2.028)
ep4 step19200: loss=0.5625 (reg=0.0045 align=1.860)
ep4 step19400: loss=0.4957 (reg=0.0064 align=1.631)
ep4 step19600: loss=0.5471 (reg=0.0046 align=1.808)
ep4 step19800: loss=0.5323 (reg=0.0020 align=1.767)
ep4 step20000: loss=0.6022 (reg=0.0015 align=2.002)
ep4 step20200: loss=0.5872 (reg=0.0070 align=1.934)
ep4 step20400: loss=0.5445 (reg=0.0073 align=1.790)
ep5 step20600: loss=0.5429 (reg=0.0162 align=1.755)
ep5 step20800: loss=0.4809 (reg=0.0069 align=1.580)
ep5 step21000: loss=0.5875 (reg=0.0101 align=1.925)
ep5 step21200: loss=0.5599 (reg=0.0054 align=1.848)
ep5 step21400: loss=0.4735 (reg=0.0033 align=1.567)
ep5 step21600: loss=0.5477 (reg=0.0025 align=1.817)
ep5 step21800: loss=0.7429 (reg=0.0095 align=2.444)
ep5 step22000: loss=0.6986 (reg=0.0034 align=2.317)
ep5 step22200: loss=0.5054 (reg=0.0075 align=1.659)
ep5 step22400: loss=0.8104 (reg=0.0064 align=2.680)
ep5 step22600: loss=0.2894 (reg=0.0037 align=0.952)
ep5 step22800: loss=0.3963 (reg=0.0051 align=1.304)
ep5 step23000: loss=0.5196 (reg=0.0037 align=1.720)
ep5 step23200: loss=0.6957 (reg=0.0115 align=2.281)
ep5 step23400: loss=0.5752 (reg=0.0031 align=1.907)
ep5 step23600: loss=0.3998 (reg=0.0049 align=1.316)
ep5 step23800: loss=0.4261 (reg=0.0064 align=1.399)
ep5 step24000: loss=0.4928 (reg=0.0071 align=1.619)
ep5 step24200: loss=0.5978 (reg=0.0008 align=1.990)
ep5 step24400: loss=0.5819 (reg=0.0043 align=1.925)
ep5 step24600: loss=0.6353 (reg=0.0608 align=1.915)
ep6 step24800: loss=0.6278 (reg=0.0034 align=2.081)
ep6 step25000: loss=0.5546 (reg=0.0048 align=1.833)
ep6 step25200: loss=0.6159 (reg=0.0016 align=2.047)
ep6 step25400: loss=0.5081 (reg=0.0035 align=1.682)
ep6 step25600: loss=0.4749 (reg=0.0018 align=1.577)
ep6 step25800: loss=0.5468 (reg=0.0075 align=1.798)
ep6 step26000: loss=0.5590 (reg=0.0080 align=1.836)
ep6 step26200: loss=0.2988 (reg=0.0078 align=0.970)
ep6 step26400: loss=0.3436 (reg=0.0029 align=1.136)
ep6 step26600: loss=0.2530 (reg=0.0079 align=0.817)
ep6 step26800: loss=0.4864 (reg=0.0057 align=1.602)
ep6 step27000: loss=0.4152 (reg=0.0040 align=1.371)
ep6 step27200: loss=0.3564 (reg=0.0042 align=1.174)
ep6 step27400: loss=0.5306 (reg=0.0067 align=1.746)
ep6 step27600: loss=0.5842 (reg=0.0050 align=1.931)
ep6 step27800: loss=0.4756 (reg=0.0011 align=1.582)
ep6 step28000: loss=0.6601 (reg=0.0024 align=2.192)
ep6 step28200: loss=0.5565 (reg=0.0040 align=1.841)
ep6 step28400: loss=0.4125 (reg=0.0094 align=1.343)
ep6 step28600: loss=0.5889 (reg=0.0049 align=1.946)
ep6 step28800: loss=0.3720 (reg=0.0013 align=1.236)
ep7 step29000: loss=0.6678 (reg=0.0048 align=2.210)
ep7 step29200: loss=0.5282 (reg=0.0025 align=1.753)
ep7 step29400: loss=0.4981 (reg=0.0046 align=1.645)
ep7 step29600: loss=0.3882 (reg=0.0055 align=1.276)
ep7 step29800: loss=0.3473 (reg=0.0049 align=1.141)
ep7 step30000: loss=0.4562 (reg=0.0043 align=1.506)
ep7 step30200: loss=0.4683 (reg=0.0055 align=1.543)
ep7 step30400: loss=0.4472 (reg=0.0038 align=1.478)
ep7 step30600: loss=0.4613 (reg=0.0053 align=1.520)
ep7 step30800: loss=0.4044 (reg=0.0063 align=1.327)
ep7 step31000: loss=0.2786 (reg=0.0037 align=0.916)
ep7 step31200: loss=0.6271 (reg=0.0033 align=2.079)
ep7 step31400: loss=0.3402 (reg=0.0064 align=1.113)
ep7 step31600: loss=0.5099 (reg=0.0040 align=1.686)
ep7 step31800: loss=0.6426 (reg=0.0037 align=2.130)
ep7 step32000: loss=0.2964 (reg=0.0065 align=0.966)
ep7 step32200: loss=0.5306 (reg=0.0062 align=1.748)
ep7 step32400: loss=0.3596 (reg=0.0064 align=1.177)
ep7 step32600: loss=0.3532 (reg=0.0073 align=1.153)
ep7 step32800: loss=0.2900 (reg=0.0044 align=0.952)
ep8 step33000: loss=0.4683 (reg=0.0040 align=1.548)
ep8 step33200: loss=0.4750 (reg=0.0045 align=1.568)
ep8 step33400: loss=0.4033 (reg=0.0019 align=1.338)
ep8 step33600: loss=0.2559 (reg=0.0038 align=0.840)
ep8 step33800: loss=0.6097 (reg=0.0069 align=2.009)
ep8 step34000: loss=0.5168 (reg=0.0054 align=1.705)
ep8 step34200: loss=0.3265 (reg=0.0060 align=1.069)
ep8 step34400: loss=0.3837 (reg=0.0027 align=1.270)
ep8 step34600: loss=0.4319 (reg=0.0067 align=1.417)
ep8 step34800: loss=0.4682 (reg=0.0069 align=1.537)
ep8 step35000: loss=0.2885 (reg=0.0067 align=0.940)
ep8 step35200: loss=0.6314 (reg=0.0055 align=2.086)
ep8 step35400: loss=0.6389 (reg=0.0025 align=2.121)
ep8 step35600: loss=0.4769 (reg=0.0066 align=1.567)
ep8 step35800: loss=0.5303 (reg=0.0059 align=1.748)
ep8 step36000: loss=0.1937 (reg=0.0053 align=0.628)
ep8 step36200: loss=0.4047 (reg=0.0033 align=1.338)
ep8 step36400: loss=0.2724 (reg=0.0063 align=0.887)
ep8 step36600: loss=0.4680 (reg=0.0080 align=1.533)
ep8 step36800: loss=0.5769 (reg=0.0043 align=1.909)
ep8 step37000: loss=0.4477 (reg=0.0040 align=1.479)
ep9 step37200: loss=0.4251 (reg=0.0052 align=1.399)
ep9 step37400: loss=0.4217 (reg=0.0055 align=1.387)
ep9 step37600: loss=0.5917 (reg=0.0034 align=1.961)
ep9 step37800: loss=0.4051 (reg=0.0307 align=1.248)
ep9 step38000: loss=0.4631 (reg=0.0072 align=1.520)
ep9 step38200: loss=0.3006 (reg=0.0186 align=0.940)
ep9 step38400: loss=0.2456 (reg=0.0014 align=0.814)
ep9 step38600: loss=0.5204 (reg=0.0064 align=1.713)
ep9 step38800: loss=0.4553 (reg=0.0019 align=1.511)
ep9 step39000: loss=0.4186 (reg=0.0067 align=1.373)
ep9 step39200: loss=0.3304 (reg=0.0064 align=1.080)
ep9 step39400: loss=0.2396 (reg=0.0032 align=0.788)
ep9 step39600: loss=0.4165 (reg=0.0069 align=1.365)
ep9 step39800: loss=0.3540 (reg=0.0066 align=1.158)
ep9 step40000: loss=0.4487 (reg=0.0052 align=1.478)
ep9 step40200: loss=0.3317 (reg=0.0012 align=1.102)
ep9 step40400: loss=0.4158 (reg=0.0117 align=1.347)
ep9 step40600: loss=0.4142 (reg=0.0044 align=1.366)
ep9 step40800: loss=0.5365 (reg=0.0165 align=1.733)
ep9 step41000: loss=0.5427 (reg=0.0626 align=1.600)
ep10 step41200: loss=0.3077 (reg=0.0022 align=1.018)
ep10 step41400: loss=0.3551 (reg=0.0042 align=1.169)
ep10 step41600: loss=0.3193 (reg=0.0049 align=1.048)
ep10 step41800: loss=0.2706 (reg=0.0057 align=0.883)
ep10 step42000: loss=0.5492 (reg=0.0028 align=1.821)
ep10 step42200: loss=0.5401 (reg=0.0070 align=1.777)
ep10 step42400: loss=0.5080 (reg=0.0048 align=1.677)
ep10 step42600: loss=0.5803 (reg=0.0085 align=1.906)
ep10 step42800: loss=0.3655 (reg=0.0074 align=1.193)
ep10 step43000: loss=0.2793 (reg=0.0033 align=0.920)
ep10 step43200: loss=0.3365 (reg=0.0049 align=1.105)
ep10 step43400: loss=0.3325 (reg=0.0022 align=1.101)
ep10 step43600: loss=0.3417 (reg=0.0046 align=1.123)
ep10 step43800: loss=0.3205 (reg=0.0158 align=1.016)
ep10 step44000: loss=0.3683 (reg=0.0065 align=1.206)
ep10 step44200: loss=0.3422 (reg=0.0030 align=1.131)
ep10 step44400: loss=0.5219 (reg=0.0124 align=1.698)
ep10 step44600: loss=0.4078 (reg=0.0058 align=1.340)
ep10 step44800: loss=0.4317 (reg=0.0080 align=1.412)
ep10 step45000: loss=0.2498 (reg=0.0048 align=0.817)
ep10 step45200: loss=0.4158 (reg=0.0019 align=1.380)
ep11 step45400: loss=0.3511 (reg=0.0042 align=1.156)
ep11 step45600: loss=0.4209 (reg=0.0101 align=1.369)
ep11 step45800: loss=0.4739 (reg=0.0079 align=1.553)
ep11 step46000: loss=0.9373 (reg=0.3384 align=1.996)
ep11 step46200: loss=0.3650 (reg=0.0148 align=1.167)
ep11 step46400: loss=0.3294 (reg=0.0055 align=1.079)
ep11 step46600: loss=0.4073 (reg=0.0044 align=1.343)
ep11 step46800: loss=0.1873 (reg=0.0037 align=0.612)
ep11 step47000: loss=0.4948 (reg=0.0172 align=1.592)
ep11 step47200: loss=0.4441 (reg=0.0062 align=1.460)
ep11 step47400: loss=0.5415 (reg=0.0116 align=1.766)
ep11 step47600: loss=0.3902 (reg=0.0093 align=1.269)
ep11 step47800: loss=0.3616 (reg=0.0056 align=1.186)
ep11 step48000: loss=0.3359 (reg=0.0042 align=1.106)
ep11 step48200: loss=0.3504 (reg=0.0044 align=1.153)
ep11 step48400: loss=0.2415 (reg=0.0064 align=0.783)
ep11 step48600: loss=0.4301 (reg=0.0061 align=1.413)
ep11 step48800: loss=0.3962 (reg=0.0066 align=1.299)
ep11 step49000: loss=0.4019 (reg=0.0042 align=1.325)
ep11 step49200: loss=0.3642 (reg=0.0022 align=1.206)
ep11 step49400: loss=0.4958 (reg=0.0073 align=1.628)
ep12 step49600: loss=0.6080 (reg=0.0095 align=1.995)
ep12 step49800: loss=0.3898 (reg=0.0051 align=1.282)
ep12 step50000: loss=0.3150 (reg=0.0062 align=1.029)
ep12 step50200: loss=0.3671 (reg=0.0032 align=1.213)
ep12 step50400: loss=0.4224 (reg=0.0069 align=1.385)
ep12 step50600: loss=0.3574 (reg=0.0055 align=1.173)
ep12 step50800: loss=0.3204 (reg=0.0038 align=1.055)
ep12 step51000: loss=0.3949 (reg=0.0071 align=1.292)
ep12 step51200: loss=0.4124 (reg=0.0032 align=1.364)
ep12 step51400: loss=0.4103 (reg=0.0030 align=1.357)
ep12 step51600: loss=0.3124 (reg=0.0045 align=1.026)
ep12 step51800: loss=0.1502 (reg=0.0053 align=0.483)
ep12 step52000: loss=0.5079 (reg=0.0078 align=1.667)
ep12 step52200: loss=0.4131 (reg=0.0036 align=1.365)
ep12 step52400: loss=0.2524 (reg=0.0035 align=0.830)
ep12 step52600: loss=0.4055 (reg=0.0050 align=1.335)
ep12 step52800: loss=0.5514 (reg=0.0377 align=1.712)
ep12 step53000: loss=0.3473 (reg=0.0054 align=1.139)
ep12 step53200: loss=0.2664 (reg=0.0080 align=0.861)
ep12 step53400: loss=0.3728 (reg=0.0017 align=1.237)
ep13 step53600: loss=0.5737 (reg=0.0113 align=1.874)
ep13 step53800: loss=0.3202 (reg=0.0057 align=1.048)
ep13 step54000: loss=0.2881 (reg=0.0036 align=0.948)
ep13 step54200: loss=0.2371 (reg=0.0092 align=0.760)
ep13 step54400: loss=0.5447 (reg=0.0067 align=1.793)
ep13 step54600: loss=0.3926 (reg=0.0062 align=1.288)
ep13 step54800: loss=0.4138 (reg=0.0072 align=1.355)
ep13 step55000: loss=0.3477 (reg=0.0031 align=1.148)
ep13 step55200: loss=0.4113 (reg=0.0039 align=1.358)
ep13 step55400: loss=0.4146 (reg=0.0020 align=1.375)
ep13 step55600: loss=0.3364 (reg=0.0011 align=1.118)
ep13 step55800: loss=0.4417 (reg=0.0022 align=1.465)
ep13 step56000: loss=0.3423 (reg=0.0061 align=1.121)
ep13 step56200: loss=0.3961 (reg=0.0075 align=1.295)
ep13 step56400: loss=0.3275 (reg=0.0081 align=1.064)
ep13 step56600: loss=0.2335 (reg=0.0043 align=0.764)
ep13 step56800: loss=0.2246 (reg=0.0069 align=0.726)
ep13 step57000: loss=0.3476 (reg=0.0049 align=1.142)
ep13 step57200: loss=0.4734 (reg=0.0037 align=1.565)
ep13 step57400: loss=0.5286 (reg=0.0020 align=1.755)
ep13 step57600: loss=0.3848 (reg=0.0056 align=1.264)
ep14 step57800: loss=0.4977 (reg=0.0022 align=1.652)
ep14 step58000: loss=0.3757 (reg=0.0060 align=1.232)
ep14 step58200: loss=0.4868 (reg=0.0040 align=1.609)
ep14 step58400: loss=0.4029 (reg=0.0055 align=1.324)
ep14 step58600: loss=0.3811 (reg=0.0038 align=1.257)
ep14 step58800: loss=0.4127 (reg=0.0043 align=1.361)
ep14 step59000: loss=0.2195 (reg=0.0044 align=0.717)
ep14 step59200: loss=0.3000 (reg=0.0074 align=0.975)
ep14 step59400: loss=0.3622 (reg=0.0055 align=1.189)
ep14 step59600: loss=0.4395 (reg=0.0050 align=1.448)
ep14 step59800: loss=0.2901 (reg=0.0070 align=0.944)
ep14 step60000: loss=0.4121 (reg=0.0047 align=1.358)
ep14 step60200: loss=0.2195 (reg=0.0055 align=0.713)
ep14 step60400: loss=0.3525 (reg=0.0053 align=1.157)
ep14 step60600: loss=0.3018 (reg=0.0062 align=0.985)
ep14 step60800: loss=0.3341 (reg=0.0284 align=1.019)
ep14 step61000: loss=0.3193 (reg=0.0063 align=1.043)
ep14 step61200: loss=0.2463 (reg=0.0045 align=0.806)
ep14 step61400: loss=0.4547 (reg=0.0051 align=1.499)
ep14 step61600: loss=0.5241 (reg=0.0044 align=1.732)
ep15 step61800: loss=0.4449 (reg=0.0083 align=1.455)
ep15 step62000: loss=0.2581 (reg=0.0046 align=0.845)
ep15 step62200: loss=0.3495 (reg=0.0038 align=1.152)
ep15 step62400: loss=0.2569 (reg=0.0041 align=0.843)
ep15 step62600: loss=0.3428 (reg=0.0196 align=1.077)
ep15 step62800: loss=0.4030 (reg=0.0038 align=1.331)
ep15 step63000: loss=0.2646 (reg=0.0032 align=0.871)
ep15 step63200: loss=0.2631 (reg=0.0058 align=0.857)
ep15 step63400: loss=0.2622 (reg=0.0044 align=0.859)
ep15 step63600: loss=0.3525 (reg=0.0096 align=1.143)
ep15 step63800: loss=0.2603 (reg=0.0050 align=0.851)
ep15 step64000: loss=0.4100 (reg=0.0037 align=1.355)
ep15 step64200: loss=0.3737 (reg=0.0026 align=1.237)
ep15 step64400: loss=0.3178 (reg=0.0022 align=1.052)
ep15 step64600: loss=0.3520 (reg=0.0083 align=1.146)
ep15 step64800: loss=0.4204 (reg=0.0082 align=1.374)
ep15 step65000: loss=0.5059 (reg=0.0078 align=1.660)
ep15 step65200: loss=0.2738 (reg=0.0037 align=0.900)
ep15 step65400: loss=0.3048 (reg=0.0072 align=0.992)
ep15 step65600: loss=0.4008 (reg=0.0037 align=1.324)
ep15 step65800: loss=0.2160 (reg=0.0047 align=0.704)
ep16 step66000: loss=0.1880 (reg=0.0057 align=0.608)
ep16 step66200: loss=0.4736 (reg=0.0135 align=1.534)
ep16 step66400: loss=0.4696 (reg=0.0087 align=1.536)
ep16 step66600: loss=0.5049 (reg=0.0109 align=1.647)
ep16 step66800: loss=0.3222 (reg=0.0008 align=1.071)
ep16 step67000: loss=0.3223 (reg=0.0059 align=1.054)
ep16 step67200: loss=0.3536 (reg=0.0053 align=1.161)
ep16 step67400: loss=0.3488 (reg=0.0055 align=1.144)
ep16 step67600: loss=0.2868 (reg=0.0041 align=0.942)
ep16 step67800: loss=0.3569 (reg=0.0086 align=1.161)
ep16 step68000: loss=0.3063 (reg=0.0074 align=0.996)
ep16 step68200: loss=0.3807 (reg=0.0160 align=1.215)
ep16 step68400: loss=0.4917 (reg=0.0041 align=1.625)
ep16 step68600: loss=0.3401 (reg=0.0019 align=1.127)
ep16 step68800: loss=0.2835 (reg=0.0069 align=0.922)
ep16 step69000: loss=0.2026 (reg=0.0039 align=0.662)
ep16 step69200: loss=0.2443 (reg=0.0050 align=0.798)
ep16 step69400: loss=0.1557 (reg=0.0037 align=0.507)
ep16 step69600: loss=0.3582 (reg=0.0010 align=1.191)
ep16 step69800: loss=0.3408 (reg=0.0072 align=1.112)
ep16 step70000: loss=0.4278 (reg=0.0077 align=1.400)
ep17 step70200: loss=0.1940 (reg=0.0026 align=0.638)
ep17 step70400: loss=0.2407 (reg=0.0052 align=0.785)
ep17 step70600: loss=0.2582 (reg=0.0034 align=0.849)
ep17 step70800: loss=0.2472 (reg=0.0024 align=0.816)
ep17 step71000: loss=0.3240 (reg=0.0042 align=1.066)
ep17 step71200: loss=0.4025 (reg=0.0010 align=1.338)
ep17 step71400: loss=0.3873 (reg=0.0135 align=1.246)
ep17 step71600: loss=0.3216 (reg=0.0115 align=1.034)
ep17 step71800: loss=0.1602 (reg=0.0092 align=0.503)
ep17 step72000: loss=0.3490 (reg=0.0044 align=1.148)
ep17 step72200: loss=0.3364 (reg=0.0043 align=1.107)
ep17 step72400: loss=0.2266 (reg=0.0027 align=0.746)
ep17 step72600: loss=0.2448 (reg=0.0054 align=0.798)
ep17 step72800: loss=0.3753 (reg=0.0067 align=1.229)
ep17 step73000: loss=0.4021 (reg=0.0088 align=1.311)
ep17 step73200: loss=0.2659 (reg=0.0039 align=0.873)
ep17 step73400: loss=0.3494 (reg=0.0025 align=1.156)
ep17 step73600: loss=0.3638 (reg=0.0038 align=1.200)
ep17 step73800: loss=0.3057 (reg=0.0033 align=1.008)
ep17 step74000: loss=0.4043 (reg=0.0066 align=1.326)
ep18 step74200: loss=0.3657 (reg=0.0022 align=1.212)
ep18 step74400: loss=0.3539 (reg=0.0032 align=1.169)
ep18 step74600: loss=0.2572 (reg=0.0025 align=0.849)
ep18 step74800: loss=0.2742 (reg=0.0040 align=0.900)
ep18 step75000: loss=0.3173 (reg=0.0042 align=1.044)
ep18 step75200: loss=0.3077 (reg=0.0041 align=1.012)
ep18 step75400: loss=0.5368 (reg=0.0052 align=1.771)
ep18 step75600: loss=0.3315 (reg=0.0135 align=1.060)
ep18 step75800: loss=0.3231 (reg=0.0094 align=1.046)
ep18 step76000: loss=0.2936 (reg=0.0062 align=0.958)
ep18 step76200: loss=0.2578 (reg=0.0041 align=0.846)
ep18 step76400: loss=0.3581 (reg=0.0030 align=1.183)
ep18 step76600: loss=0.4123 (reg=0.0032 align=1.363)
ep18 step76800: loss=0.2179 (reg=0.0043 align=0.712)
ep18 step77000: loss=0.2382 (reg=0.0034 align=0.783)
ep18 step77200: loss=0.1910 (reg=0.0037 align=0.624)
ep18 step77400: loss=0.3442 (reg=0.0243 align=1.066)
ep18 step77600: loss=0.2273 (reg=0.0040 align=0.744)
ep18 step77800: loss=0.3133 (reg=0.0039 align=1.031)
ep18 step78000: loss=0.3565 (reg=0.0048 align=1.172)
ep18 step78200: loss=0.5073 (reg=0.0085 align=1.662)
ep19 step78400: loss=0.4171 (reg=0.0031 align=1.380)
ep19 step78600: loss=0.2045 (reg=0.0042 align=0.668)
ep19 step78800: loss=0.2753 (reg=0.0063 align=0.897)
ep19 step79000: loss=0.2449 (reg=0.0034 align=0.805)
ep19 step79200: loss=0.2893 (reg=0.0056 align=0.945)
ep19 step79400: loss=0.2249 (reg=0.0049 align=0.733)
ep19 step79600: loss=0.1889 (reg=0.0031 align=0.619)
ep19 step79800: loss=0.3430 (reg=0.0070 align=1.120)
ep19 step80000: loss=0.3698 (reg=0.0019 align=1.226)
ep19 step80200: loss=0.3798 (reg=0.0037 align=1.254)
ep19 step80400: loss=0.2867 (reg=0.0055 align=0.937)
ep19 step80600: loss=0.4044 (reg=0.0042 align=1.334)
ep19 step80800: loss=0.3059 (reg=0.0010 align=1.016)
ep19 step81000: loss=0.3999 (reg=0.0087 align=1.304)
ep19 step81200: loss=0.2368 (reg=0.0066 align=0.767)
ep19 step81400: loss=0.2448 (reg=0.0031 align=0.805)
ep19 step81600: loss=0.3958 (reg=0.0090 align=1.289)
ep19 step81800: loss=0.2656 (reg=0.0039 align=0.872)
ep19 step82000: loss=0.3578 (reg=0.0053 align=1.175)
ep19 step82200: loss=0.2512 (reg=0.0032 align=0.827)

--- fold 3/3: train 516 / val 257 (n_synth=258) ---
ep0 step0: loss=1.9173 (reg=0.2795 align=5.452)
ep0 step200: loss=1.1780 (reg=0.0450 align=3.776)
ep0 step400: loss=1.1738 (reg=0.0075 align=3.887)
ep0 step600: loss=1.1539 (reg=0.0139 align=3.800)
ep0 step800: loss=1.2568 (reg=0.0077 align=4.163)
ep0 step1000: loss=1.2781 (reg=0.0084 align=4.232)
ep0 step1200: loss=0.9774 (reg=0.0018 align=3.252)
ep0 step1400: loss=1.0086 (reg=0.0083 align=3.334)
ep0 step1600: loss=1.1094 (reg=0.0042 align=3.684)
ep0 step1800: loss=1.3256 (reg=0.0085 align=4.390)
ep0 step2000: loss=1.1635 (reg=0.0275 align=3.786)
ep0 step2200: loss=1.2637 (reg=0.0148 align=4.162)
ep0 step2400: loss=1.0039 (reg=0.0030 align=3.336)
ep0 step2600: loss=0.9646 (reg=0.0071 align=3.192)
ep0 step2800: loss=1.1084 (reg=0.0048 align=3.678)
ep0 step3000: loss=1.0132 (reg=0.0245 align=3.295)
ep0 step3200: loss=1.1914 (reg=0.0026 align=3.963)
ep0 step3400: loss=0.9470 (reg=0.0076 align=3.131)
ep0 step3600: loss=0.9513 (reg=0.0069 align=3.148)
ep0 step3800: loss=1.3173 (reg=0.0107 align=4.355)
ep0 step4000: loss=1.0109 (reg=0.0020 align=3.363)
ep1 step4200: loss=0.9751 (reg=0.0031 align=3.240)
ep1 step4400: loss=0.9082 (reg=0.0078 align=3.001)
ep1 step4600: loss=0.7157 (reg=0.0055 align=2.367)
ep1 step4800: loss=1.1097 (reg=0.0091 align=3.669)
ep1 step5000: loss=1.0444 (reg=0.0032 align=3.470)
ep1 step5200: loss=0.8844 (reg=0.0186 align=2.886)
ep1 step5400: loss=0.9142 (reg=0.0040 align=3.034)
ep1 step5600: loss=0.6872 (reg=0.0074 align=2.266)
ep1 step5800: loss=1.1419 (reg=0.0187 align=3.744)
ep1 step6000: loss=0.7934 (reg=0.0037 align=2.632)
ep1 step6200: loss=0.9047 (reg=0.0132 align=2.972)
ep1 step6400: loss=0.9927 (reg=0.0084 align=3.281)
ep1 step6600: loss=0.8309 (reg=0.0120 align=2.730)
ep1 step6800: loss=0.8538 (reg=0.0040 align=2.833)
ep1 step7000: loss=1.0467 (reg=0.0007 align=3.486)
ep1 step7200: loss=0.8170 (reg=0.0056 align=2.704)
ep1 step7400: loss=0.7006 (reg=0.0153 align=2.284)
ep1 step7600: loss=0.5589 (reg=0.0060 align=1.843)
ep1 step7800: loss=0.9593 (reg=0.0067 align=3.175)
ep1 step8000: loss=0.5726 (reg=0.0078 align=1.883)
ep1 step8200: loss=0.9153 (reg=0.0118 align=3.011)
ep2 step8400: loss=0.8384 (reg=0.0084 align=2.767)
ep2 step8600: loss=0.7530 (reg=0.0056 align=2.491)
ep2 step8800: loss=0.6655 (reg=0.0058 align=2.199)
ep2 step9000: loss=0.7563 (reg=0.0039 align=2.508)
ep2 step9200: loss=0.7694 (reg=0.0032 align=2.554)
ep2 step9400: loss=0.5768 (reg=0.0045 align=1.907)
ep2 step9600: loss=0.8210 (reg=0.0050 align=2.720)
ep2 step9800: loss=0.8321 (reg=0.0070 align=2.750)
ep2 step10000: loss=0.6435 (reg=0.0079 align=2.119)
ep2 step10200: loss=0.3747 (reg=0.0067 align=1.226)
ep2 step10400: loss=0.8256 (reg=0.0045 align=2.737)
ep2 step10600: loss=0.5585 (reg=0.0046 align=1.846)
ep2 step10800: loss=0.6253 (reg=0.0055 align=2.066)
ep2 step11000: loss=0.6546 (reg=0.0109 align=2.145)
ep2 step11200: loss=0.7132 (reg=0.0036 align=2.365)
ep2 step11400: loss=0.5844 (reg=0.0074 align=1.923)
ep2 step11600: loss=0.4980 (reg=0.0058 align=1.641)
ep2 step11800: loss=0.5892 (reg=0.0054 align=1.946)
ep2 step12000: loss=0.7004 (reg=0.0023 align=2.327)
ep2 step12200: loss=0.5051 (reg=0.0054 align=1.666)
ep3 step12400: loss=0.5727 (reg=0.0045 align=1.894)
ep3 step12600: loss=0.6663 (reg=0.0042 align=2.207)
ep3 step12800: loss=0.5481 (reg=0.0074 align=1.802)
ep3 step13000: loss=0.9395 (reg=0.0080 align=3.105)
ep3 step13200: loss=0.3195 (reg=0.0071 align=1.041)
ep3 step13400: loss=0.4608 (reg=0.0063 align=1.515)
ep3 step13600: loss=0.6116 (reg=0.0024 align=2.030)
ep3 step13800: loss=0.5656 (reg=0.0048 align=1.869)
ep3 step14000: loss=0.5848 (reg=0.0047 align=1.934)
ep3 step14200: loss=0.6095 (reg=0.0059 align=2.012)
ep3 step14400: loss=0.6318 (reg=0.0069 align=2.083)
ep3 step14600: loss=0.4034 (reg=0.0040 align=1.331)
ep3 step14800: loss=0.4635 (reg=0.0055 align=1.527)
ep3 step15000: loss=0.6608 (reg=0.0049 align=2.186)
ep3 step15200: loss=0.7525 (reg=0.0070 align=2.485)
ep3 step15400: loss=0.5503 (reg=0.0040 align=1.821)
ep3 step15600: loss=0.3630 (reg=0.0063 align=1.189)
ep3 step15800: loss=0.7876 (reg=0.0029 align=2.616)
ep3 step16000: loss=0.6009 (reg=0.0065 align=1.981)
ep3 step16200: loss=0.5998 (reg=0.0058 align=1.980)
ep3 step16400: loss=0.3610 (reg=0.0077 align=1.178)
ep4 step16600: loss=0.5116 (reg=0.0039 align=1.692)
ep4 step16800: loss=0.2853 (reg=0.0063 align=0.930)
ep4 step17000: loss=0.3711 (reg=0.0042 align=1.223)
ep4 step17200: loss=0.4548 (reg=0.0034 align=1.505)
ep4 step17400: loss=0.3696 (reg=0.0042 align=1.218)
ep4 step17600: loss=0.5684 (reg=0.0062 align=1.874)
ep4 step17800: loss=0.6155 (reg=0.0232 align=1.974)
ep4 step18000: loss=0.5131 (reg=0.0028 align=1.701)
ep4 step18200: loss=0.6403 (reg=0.0066 align=2.112)
ep4 step18400: loss=0.7356 (reg=0.0034 align=2.440)
ep4 step18600: loss=0.6945 (reg=0.0098 align=2.282)
ep4 step18800: loss=0.5428 (reg=0.0036 align=1.797)
ep4 step19000: loss=0.6383 (reg=0.0016 align=2.122)
ep4 step19200: loss=0.4026 (reg=0.0069 align=1.319)
ep4 step19400: loss=0.4954 (reg=0.0024 align=1.643)
ep4 step19600: loss=0.7583 (reg=0.0041 align=2.514)
ep4 step19800: loss=0.5733 (reg=0.0246 align=1.829)
ep4 step20000: loss=0.6135 (reg=0.0040 align=2.031)
ep4 step20200: loss=0.6412 (reg=0.0045 align=2.122)
ep4 step20400: loss=0.7749 (reg=0.0057 align=2.564)
ep4 step20600: loss=0.5227 (reg=0.0042 align=1.728)
ep5 step20800: loss=0.4155 (reg=0.0089 align=1.355)
ep5 step21000: loss=0.6874 (reg=0.0069 align=2.268)
ep5 step21200: loss=0.3854 (reg=0.0026 align=1.276)
ep5 step21400: loss=0.5511 (reg=0.0090 align=1.807)
ep5 step21600: loss=0.2261 (reg=0.0096 align=0.722)
ep5 step21800: loss=0.3580 (reg=0.0045 align=1.178)
ep5 step22000: loss=0.6777 (reg=0.0028 align=2.249)
ep5 step22200: loss=0.6681 (reg=0.0046 align=2.211)
ep5 step22400: loss=0.6904 (reg=0.0045 align=2.286)
ep5 step22600: loss=0.5113 (reg=0.0200 align=1.638)
ep5 step22800: loss=0.3832 (reg=0.0054 align=1.259)
ep5 step23000: loss=0.5593 (reg=0.0019 align=1.858)
ep5 step23200: loss=0.1515 (reg=0.0033 align=0.494)
ep5 step23400: loss=0.6272 (reg=0.0287 align=1.995)
ep5 step23600: loss=0.4017 (reg=0.0057 align=1.320)
ep5 step23800: loss=0.6410 (reg=0.0048 align=2.120)
ep5 step24000: loss=0.2739 (reg=0.0058 align=0.894)
ep5 step24200: loss=0.6320 (reg=0.0067 align=2.084)
ep5 step24400: loss=0.4024 (reg=0.0098 align=1.308)
ep5 step24600: loss=0.6341 (reg=0.0022 align=2.106)
ep6 step24800: loss=0.8343 (reg=0.0029 align=2.771)
ep6 step25000: loss=0.5378 (reg=0.0126 align=1.750)
ep6 step25200: loss=0.7660 (reg=0.0049 align=2.537)
ep6 step25400: loss=0.6170 (reg=0.0047 align=2.041)
ep6 step25600: loss=0.5455 (reg=0.0034 align=1.807)
ep6 step25800: loss=0.5121 (reg=0.0094 align=1.675)
ep6 step26000: loss=0.4925 (reg=0.0046 align=1.626)
ep6 step26200: loss=0.4086 (reg=0.0146 align=1.313)
ep6 step26400: loss=0.4704 (reg=0.0064 align=1.547)
ep6 step26600: loss=0.4706 (reg=0.0028 align=1.559)
ep6 step26800: loss=0.4581 (reg=0.0103 align=1.493)
ep6 step27000: loss=0.6115 (reg=0.0140 align=1.992)
ep6 step27200: loss=0.5162 (reg=0.0107 align=1.685)
ep6 step27400: loss=0.4796 (reg=0.0056 align=1.580)
ep6 step27600: loss=0.3792 (reg=0.0056 align=1.245)
ep6 step27800: loss=0.5407 (reg=0.0025 align=1.794)
ep6 step28000: loss=0.4677 (reg=0.0064 align=1.537)
ep6 step28200: loss=0.7238 (reg=0.0206 align=2.344)
ep6 step28400: loss=0.6016 (reg=0.0280 align=1.912)
ep6 step28600: loss=0.2870 (reg=0.0065 align=0.935)
ep6 step28800: loss=0.4386 (reg=0.0018 align=1.456)
ep7 step29000: loss=0.2837 (reg=0.0074 align=0.921)
ep7 step29200: loss=0.4195 (reg=0.0048 align=1.382)
ep7 step29400: loss=0.4327 (reg=0.0056 align=1.424)
ep7 step29600: loss=0.4905 (reg=0.0060 align=1.615)
ep7 step29800: loss=0.3653 (reg=0.0053 align=1.200)
ep7 step30000: loss=0.3788 (reg=0.0055 align=1.244)
ep7 step30200: loss=0.6452 (reg=0.0032 align=2.140)
ep7 step30400: loss=0.3356 (reg=0.0061 align=1.098)
ep7 step30600: loss=0.3029 (reg=0.0063 align=0.988)
ep7 step30800: loss=0.2821 (reg=0.0048 align=0.924)
ep7 step31000: loss=0.3578 (reg=0.0057 align=1.174)
ep7 step31200: loss=0.4222 (reg=0.0043 align=1.393)
ep7 step31400: loss=0.2338 (reg=0.0050 align=0.763)
ep7 step31600: loss=0.4563 (reg=0.0058 align=1.501)
ep7 step31800: loss=0.5611 (reg=0.0026 align=1.861)
ep7 step32000: loss=0.5431 (reg=0.0052 align=1.793)
ep7 step32200: loss=0.6704 (reg=0.0083 align=2.207)
ep7 step32400: loss=0.2405 (reg=0.0060 align=0.781)
ep7 step32600: loss=0.3467 (reg=0.0113 align=1.118)
ep7 step32800: loss=0.3662 (reg=0.0063 align=1.200)
ep7 step33000: loss=0.3521 (reg=0.0022 align=1.166)
ep8 step33200: loss=0.5894 (reg=0.0278 align=1.872)
ep8 step33400: loss=0.4002 (reg=0.0034 align=1.322)
ep8 step33600: loss=0.4049 (reg=0.0166 align=1.294)
ep8 step33800: loss=0.3461 (reg=0.0061 align=1.133)
ep8 step34000: loss=0.4561 (reg=0.0054 align=1.502)
ep8 step34200: loss=0.5270 (reg=0.0504 align=1.589)
ep8 step34400: loss=0.5558 (reg=0.0050 align=1.836)
ep8 step34600: loss=0.2894 (reg=0.0058 align=0.945)
ep8 step34800: loss=0.3896 (reg=0.0028 align=1.289)
ep8 step35000: loss=0.6216 (reg=0.0142 align=2.024)
ep8 step35200: loss=0.3920 (reg=0.0041 align=1.293)
ep8 step35400: loss=0.3232 (reg=0.0061 align=1.057)
ep8 step35600: loss=0.3599 (reg=0.0058 align=1.180)
ep8 step35800: loss=0.5515 (reg=0.0054 align=1.820)
ep8 step36000: loss=0.2390 (reg=0.0034 align=0.786)
ep8 step36200: loss=0.4309 (reg=0.0950 align=1.119)
ep8 step36400: loss=0.2762 (reg=0.0095 align=0.889)
ep8 step36600: loss=0.5354 (reg=0.0055 align=1.766)
ep8 step36800: loss=0.2416 (reg=0.0067 align=0.783)
ep8 step37000: loss=0.3378 (reg=0.0029 align=1.116)
ep9 step37200: loss=0.6104 (reg=0.0104 align=2.000)
ep9 step37400: loss=0.3392 (reg=0.0050 align=1.114)
ep9 step37600: loss=0.5550 (reg=0.0048 align=1.834)
ep9 step37800: loss=0.4175 (reg=0.0034 align=1.380)
ep9 step38000: loss=0.4688 (reg=0.0078 align=1.537)
ep9 step38200: loss=0.1943 (reg=0.0065 align=0.626)
ep9 step38400: loss=0.4734 (reg=0.0040 align=1.565)
ep9 step38600: loss=0.1995 (reg=0.0056 align=0.646)
ep9 step38800: loss=0.2133 (reg=0.0100 align=0.678)
ep9 step39000: loss=0.4127 (reg=0.0091 align=1.345)
ep9 step39200: loss=0.4269 (reg=0.0056 align=1.404)
ep9 step39400: loss=0.5727 (reg=0.0065 align=1.887)
ep9 step39600: loss=0.2617 (reg=0.0048 align=0.857)
ep9 step39800: loss=0.2753 (reg=0.0051 align=0.900)
ep9 step40000: loss=0.3193 (reg=0.0053 align=1.047)
ep9 step40200: loss=0.3577 (reg=0.0049 align=1.176)
ep9 step40400: loss=0.4701 (reg=0.0131 align=1.523)
ep9 step40600: loss=0.4214 (reg=0.0049 align=1.388)
ep9 step40800: loss=0.2577 (reg=0.0065 align=0.837)
ep9 step41000: loss=0.5577 (reg=0.0049 align=1.843)
ep9 step41200: loss=0.3413 (reg=0.0042 align=1.123)
ep10 step41400: loss=0.6032 (reg=0.0029 align=2.001)
ep10 step41600: loss=0.2913 (reg=0.0044 align=0.956)
ep10 step41800: loss=0.3397 (reg=0.0024 align=1.124)
ep10 step42000: loss=0.2764 (reg=0.0048 align=0.905)
ep10 step42200: loss=0.3765 (reg=0.0043 align=1.240)
ep10 step42400: loss=0.3491 (reg=0.0061 align=1.143)
ep10 step42600: loss=0.5751 (reg=0.0086 align=1.888)
ep10 step42800: loss=0.1604 (reg=0.0048 align=0.518)
ep10 step43000: loss=0.4617 (reg=0.0149 align=1.489)
ep10 step43200: loss=0.2767 (reg=0.0043 align=0.908)
ep10 step43400: loss=0.3617 (reg=0.0049 align=1.189)
ep10 step43600: loss=0.4474 (reg=0.0148 align=1.442)
ep10 step43800: loss=0.3839 (reg=0.0024 align=1.272)
ep10 step44000: loss=0.3850 (reg=0.0091 align=1.253)
ep10 step44200: loss=0.2109 (reg=0.0036 align=0.691)
ep10 step44400: loss=0.3217 (reg=0.0055 align=1.054)
ep10 step44600: loss=0.2394 (reg=0.0020 align=0.791)
ep10 step44800: loss=0.4404 (reg=0.0101 align=1.434)
ep10 step45000: loss=0.3271 (reg=0.0020 align=1.084)
ep10 step45200: loss=0.4560 (reg=0.0066 align=1.498)
ep10 step45400: loss=0.2400 (reg=0.0022 align=0.793)
ep11 step45600: loss=0.5267 (reg=0.0052 align=1.738)
ep11 step45800: loss=0.4098 (reg=0.0070 align=1.342)
ep11 step46000: loss=0.4269 (reg=0.0083 align=1.395)
ep11 step46200: loss=0.6780 (reg=0.0027 align=2.251)
ep11 step46400: loss=0.3168 (reg=0.0031 align=1.045)
ep11 step46600: loss=0.4663 (reg=0.0012 align=1.550)
ep11 step46800: loss=0.4203 (reg=0.0048 align=1.385)
ep11 step47000: loss=0.4348 (reg=0.0059 align=1.429)
ep11 step47200: loss=0.5573 (reg=0.0129 align=1.815)
ep11 step47400: loss=0.4855 (reg=0.0033 align=1.607)
ep11 step47600: loss=0.4906 (reg=0.0151 align=1.585)
ep11 step47800: loss=0.2484 (reg=0.0031 align=0.818)
ep11 step48000: loss=0.4359 (reg=0.0040 align=1.439)
ep11 step48200: loss=0.3238 (reg=0.0052 align=1.062)
ep11 step48400: loss=0.3284 (reg=0.0043 align=1.080)
ep11 step48600: loss=0.1071 (reg=0.0023 align=0.349)
ep11 step48800: loss=0.3047 (reg=0.0057 align=0.997)
ep11 step49000: loss=0.2918 (reg=0.0052 align=0.955)
ep11 step49200: loss=0.3699 (reg=0.0052 align=1.216)
ep11 step49400: loss=0.2720 (reg=0.0028 align=0.897)
ep12 step49600: loss=0.3909 (reg=0.0053 align=1.285)
ep12 step49800: loss=0.3130 (reg=0.0020 align=1.036)
ep12 step50000: loss=0.2386 (reg=0.0033 align=0.784)
ep12 step50200: loss=0.3393 (reg=0.0047 align=1.115)
ep12 step50400: loss=0.3886 (reg=0.0011 align=1.292)
ep12 step50600: loss=0.3689 (reg=0.0035 align=1.218)
ep12 step50800: loss=0.3168 (reg=0.0023 align=1.048)
ep12 step51000: loss=0.4967 (reg=0.0708 align=1.419)
ep12 step51200: loss=0.3364 (reg=0.0035 align=1.110)
ep12 step51400: loss=0.4639 (reg=0.0039 align=1.533)
ep12 step51600: loss=0.4373 (reg=0.0025 align=1.449)
ep12 step51800: loss=0.2166 (reg=0.0024 align=0.714)
ep12 step52000: loss=0.2493 (reg=0.0065 align=0.809)
ep12 step52200: loss=0.5822 (reg=0.0543 align=1.759)
ep12 step52400: loss=0.4435 (reg=0.0040 align=1.465)
ep12 step52600: loss=0.4232 (reg=0.0023 align=1.403)
ep12 step52800: loss=0.2827 (reg=0.0029 align=0.932)
ep12 step53000: loss=0.2669 (reg=0.0022 align=0.882)
ep12 step53200: loss=0.4042 (reg=0.0033 align=1.336)
ep12 step53400: loss=0.2274 (reg=0.0213 align=0.687)
ep12 step53600: loss=0.2407 (reg=0.0026 align=0.794)
ep13 step53800: loss=0.2504 (reg=0.0041 align=0.821)
ep13 step54000: loss=0.3184 (reg=0.0036 align=1.049)
ep13 step54200: loss=0.4466 (reg=0.0068 align=1.466)
ep13 step54400: loss=0.4828 (reg=0.0057 align=1.590)
ep13 step54600: loss=0.2868 (reg=0.0013 align=0.952)
ep13 step54800: loss=0.2783 (reg=0.0075 align=0.902)
ep13 step55000: loss=0.3503 (reg=0.0055 align=1.149)
ep13 step55200: loss=0.4588 (reg=0.0033 align=1.518)
ep13 step55400: loss=0.3875 (reg=0.0086 align=1.263)
ep13 step55600: loss=0.3596 (reg=0.0272 align=1.108)
ep13 step55800: loss=0.2583 (reg=0.0055 align=0.843)
ep13 step56000: loss=0.2146 (reg=0.0076 align=0.690)
ep13 step56200: loss=0.3306 (reg=0.0064 align=1.081)
ep13 step56400: loss=0.5291 (reg=0.0018 align=1.758)
ep13 step56600: loss=0.3081 (reg=0.0096 align=0.995)
ep13 step56800: loss=0.3226 (reg=0.0054 align=1.057)
ep13 step57000: loss=0.4282 (reg=0.0061 align=1.407)
ep13 step57200: loss=0.4073 (reg=0.0046 align=1.342)
ep13 step57400: loss=0.1771 (reg=0.0064 align=0.569)
ep13 step57600: loss=0.3633 (reg=0.0060 align=1.191)
ep14 step57800: loss=0.3363 (reg=0.0050 align=1.104)
ep14 step58000: loss=0.1905 (reg=0.0062 align=0.614)
ep14 step58200: loss=0.3795 (reg=0.0017 align=1.259)
ep14 step58400: loss=0.2425 (reg=0.0045 align=0.793)
ep14 step58600: loss=0.2602 (reg=0.0022 align=0.860)
ep14 step58800: loss=0.3950 (reg=0.0202 align=1.249)
ep14 step59000: loss=0.3328 (reg=0.0029 align=1.100)
ep14 step59200: loss=0.4515 (reg=0.0035 align=1.493)
ep14 step59400: loss=0.1849 (reg=0.0052 align=0.599)
ep14 step59600: loss=0.2685 (reg=0.0071 align=0.871)
ep14 step59800: loss=0.3440 (reg=0.0040 align=1.133)
ep14 step60000: loss=0.2355 (reg=0.0046 align=0.769)
ep14 step60200: loss=0.3231 (reg=0.0041 align=1.063)
ep14 step60400: loss=0.3446 (reg=0.0062 align=1.128)
ep14 step60600: loss=0.6021 (reg=0.0018 align=2.001)
ep14 step60800: loss=0.2756 (reg=0.0034 align=0.907)
ep14 step61000: loss=0.2434 (reg=0.0053 align=0.794)
ep14 step61200: loss=0.3276 (reg=0.0029 align=1.082)
ep14 step61400: loss=0.2659 (reg=0.0040 align=0.873)
ep14 step61600: loss=0.3527 (reg=0.0022 align=1.168)
ep14 step61800: loss=0.3549 (reg=0.0026 align=1.174)
ep15 step62000: loss=0.4388 (reg=0.0040 align=1.449)
ep15 step62200: loss=0.3465 (reg=0.0044 align=1.140)
ep15 step62400: loss=0.2296 (reg=0.0031 align=0.755)
ep15 step62600: loss=0.2074 (reg=0.0049 align=0.675)
ep15 step62800: loss=0.4298 (reg=0.0050 align=1.416)
ep15 step63000: loss=0.3711 (reg=0.0057 align=1.218)
ep15 step63200: loss=0.3384 (reg=0.0039 align=1.115)
ep15 step63400: loss=0.3476 (reg=0.0070 align=1.135)
ep15 step63600: loss=0.3953 (reg=0.0064 align=1.296)
ep15 step63800: loss=0.3917 (reg=0.0048 align=1.289)
ep15 step64000: loss=0.1800 (reg=0.0075 align=0.575)
ep15 step64200: loss=0.3347 (reg=0.0024 align=1.108)
ep15 step64400: loss=0.3678 (reg=0.0024 align=1.218)
ep15 step64600: loss=0.3619 (reg=0.0058 align=1.187)
ep15 step64800: loss=0.1352 (reg=0.0018 align=0.444)
ep15 step65000: loss=0.5286 (reg=0.0150 align=1.711)
ep15 step65200: loss=0.3265 (reg=0.0018 align=1.082)
ep15 step65400: loss=0.2336 (reg=0.0024 align=0.770)
ep15 step65600: loss=0.2596 (reg=0.0032 align=0.855)
ep15 step65800: loss=0.1729 (reg=0.0052 align=0.559)
ep15 step66000: loss=0.4155 (reg=0.0634 align=1.174)
ep16 step66200: loss=0.1870 (reg=0.0043 align=0.609)
ep16 step66400: loss=0.4372 (reg=0.0274 align=1.366)
ep16 step66600: loss=0.4936 (reg=0.0158 align=1.592)
ep16 step66800: loss=0.6637 (reg=0.0046 align=2.197)
ep16 step67000: loss=0.3324 (reg=0.0061 align=1.088)
ep16 step67200: loss=0.3226 (reg=0.0032 align=1.065)
ep16 step67400: loss=0.3359 (reg=0.0060 align=1.100)
ep16 step67600: loss=0.2331 (reg=0.0033 align=0.766)
ep16 step67800: loss=0.2217 (reg=0.0047 align=0.723)
ep16 step68000: loss=0.2012 (reg=0.0033 align=0.660)
ep16 step68200: loss=0.4693 (reg=0.0051 align=1.547)
ep16 step68400: loss=0.2516 (reg=0.0033 align=0.828)
ep16 step68600: loss=0.1621 (reg=0.0073 align=0.516)
ep16 step68800: loss=0.4371 (reg=0.0054 align=1.439)
ep16 step69000: loss=0.1812 (reg=0.0037 align=0.591)
ep16 step69200: loss=0.4685 (reg=0.0060 align=1.541)
ep16 step69400: loss=0.2934 (reg=0.0016 align=0.972)
ep16 step69600: loss=0.2343 (reg=0.0046 align=0.765)
ep16 step69800: loss=0.2055 (reg=0.0008 align=0.682)
ep16 step70000: loss=0.3314 (reg=0.0052 align=1.087)
ep17 step70200: loss=0.5544 (reg=0.0057 align=1.829)
ep17 step70400: loss=0.3572 (reg=0.0054 align=1.172)
ep17 step70600: loss=0.3000 (reg=0.0023 align=0.992)
ep17 step70800: loss=0.5875 (reg=0.0433 align=1.814)
ep17 step71000: loss=0.2436 (reg=0.0063 align=0.791)
ep17 step71200: loss=0.2501 (reg=0.0083 align=0.806)
ep17 step71400: loss=0.3083 (reg=0.0074 align=1.003)
ep17 step71600: loss=0.3155 (reg=0.0049 align=1.035)
ep17 step71800: loss=0.4924 (reg=0.0078 align=1.615)
ep17 step72000: loss=0.2922 (reg=0.0016 align=0.969)
ep17 step72200: loss=0.3565 (reg=0.0069 align=1.165)
ep17 step72400: loss=0.1875 (reg=0.0068 align=0.602)
ep17 step72600: loss=0.3407 (reg=0.0043 align=1.121)
ep17 step72800: loss=0.2185 (reg=0.0022 align=0.721)
ep17 step73000: loss=0.4077 (reg=0.0052 align=1.341)
ep17 step73200: loss=0.2685 (reg=0.0038 align=0.882)
ep17 step73400: loss=0.5099 (reg=0.0162 align=1.646)
ep17 step73600: loss=0.4624 (reg=0.0159 align=1.488)
ep17 step73800: loss=0.4028 (reg=0.0036 align=1.330)
ep17 step74000: loss=0.1552 (reg=0.0059 align=0.498)
ep17 step74200: loss=0.2592 (reg=0.0033 align=0.853)
ep18 step74400: loss=0.3309 (reg=0.0035 align=1.091)
ep18 step74600: loss=0.3301 (reg=0.0041 align=1.087)
ep18 step74800: loss=0.2972 (reg=0.0077 align=0.965)
ep18 step75000: loss=0.3526 (reg=0.0065 align=1.154)
ep18 step75200: loss=0.2901 (reg=0.0092 align=0.936)
ep18 step75400: loss=0.4025 (reg=0.0034 align=1.330)
ep18 step75600: loss=0.3428 (reg=0.0028 align=1.133)
ep18 step75800: loss=0.2762 (reg=0.0033 align=0.910)
ep18 step76000: loss=0.2604 (reg=0.0062 align=0.847)
ep18 step76200: loss=0.3550 (reg=0.0040 align=1.170)
ep18 step76400: loss=0.3608 (reg=0.0089 align=1.172)
ep18 step76600: loss=0.4693 (reg=0.0119 align=1.524)
ep18 step76800: loss=0.3860 (reg=0.0022 align=1.279)
ep18 step77000: loss=0.2798 (reg=0.0032 align=0.922)
ep18 step77200: loss=0.3209 (reg=0.0135 align=1.025)
ep18 step77400: loss=0.4039 (reg=0.0031 align=1.336)
ep18 step77600: loss=0.2778 (reg=0.0052 align=0.908)
ep18 step77800: loss=0.2691 (reg=0.0047 align=0.881)
ep18 step78000: loss=0.3148 (reg=0.0064 align=1.028)
ep18 step78200: loss=0.3567 (reg=0.0018 align=1.183)
ep18 step78400: loss=0.2171 (reg=0.0013 align=0.719)
ep19 step78600: loss=0.2978 (reg=0.0043 align=0.978)
ep19 step78800: loss=0.5214 (reg=0.0126 align=1.696)
ep19 step79000: loss=0.2607 (reg=0.0028 align=0.860)
ep19 step79200: loss=0.3268 (reg=0.0024 align=1.081)
ep19 step79400: loss=0.3243 (reg=0.0121 align=1.041)
ep19 step79600: loss=0.3807 (reg=0.0067 align=1.246)
ep19 step79800: loss=0.3836 (reg=0.0055 align=1.260)
ep19 step80000: loss=0.4049 (reg=0.0104 align=1.315)
ep19 step80200: loss=0.1693 (reg=0.0049 align=0.548)
ep19 step80400: loss=0.3296 (reg=0.0113 align=1.061)
ep19 step80600: loss=0.3226 (reg=0.0266 align=0.986)
ep19 step80800: loss=0.3192 (reg=0.0027 align=1.055)
ep19 step81000: loss=0.2947 (reg=0.0075 align=0.957)
ep19 step81200: loss=0.3908 (reg=0.0941 align=0.989)
ep19 step81400: loss=0.3667 (reg=0.0038 align=1.210)
ep19 step81600: loss=0.2333 (reg=0.0072 align=0.754)
ep19 step81800: loss=0.2066 (reg=0.0018 align=0.683)
ep19 step82000: loss=0.4995 (reg=0.0227 align=1.589)
ep19 step82200: loss=0.3179 (reg=0.0050 align=1.043)
ep19 step82400: loss=0.3944 (reg=0.0069 align=1.291)

==================  CV pooled RMSE (held-out)  ==================
  carry-forward        : 15.910
  viterbi corr (0.4/0.6): 15.929
  TRANSFORMER          : 53.653   <- ships only if it beats 15.910
  VERDICT: transformer does NOT beat the Phase-B best (53.653 vs 15.910)
=================================================================

training FINAL model on all 773 wells (n_synth=386) ...
ep0 step0: loss=2.0112 (reg=0.2064 align=6.008)
ep0 step200: loss=1.4164 (reg=0.0159 align=4.667)
ep0 step400: loss=1.2594 (reg=0.0324 align=4.089)
ep0 step600: loss=1.2952 (reg=0.0243 align=4.236)
ep0 step800: loss=1.3733 (reg=0.0056 align=4.559)
ep0 step1000: loss=1.1149 (reg=0.0069 align=3.693)
ep0 step1200: loss=1.7686 (reg=0.0129 align=5.852)
ep0 step1400: loss=1.2285 (reg=0.0100 align=4.061)
ep0 step1600: loss=1.1346 (reg=0.0037 align=3.770)
ep0 step1800: loss=1.2152 (reg=0.0100 align=4.017)
ep0 step2000: loss=1.0233 (reg=0.0120 align=3.371)
ep0 step2200: loss=1.0653 (reg=0.0087 align=3.522)
ep0 step2400: loss=1.0759 (reg=0.0027 align=3.577)
ep0 step2600: loss=1.3474 (reg=0.0036 align=4.479)
ep0 step2800: loss=1.2707 (reg=0.0205 align=4.167)
ep0 step3000: loss=1.0857 (reg=0.0068 align=3.596)
ep0 step3200: loss=1.1211 (reg=0.0061 align=3.717)
ep0 step3400: loss=0.9062 (reg=0.0042 align=3.006)
ep0 step3600: loss=1.0963 (reg=0.0112 align=3.617)
ep0 step3800: loss=1.0900 (reg=0.0100 align=3.600)
ep0 step4000: loss=0.8834 (reg=0.0257 align=2.859)
ep0 step4200: loss=1.1531 (reg=0.0275 align=3.752)
ep0 step4400: loss=1.0654 (reg=0.0069 align=3.528)
ep0 step4600: loss=0.9818 (reg=0.0057 align=3.253)
ep0 step4800: loss=1.1757 (reg=0.0069 align=3.896)
ep0 step5000: loss=1.0571 (reg=0.0031 align=3.513)
ep0 step5200: loss=0.9483 (reg=0.0022 align=3.154)
ep0 step5400: loss=1.1950 (reg=0.0037 align=3.971)
ep0 step5600: loss=1.1581 (reg=0.0129 align=3.817)
ep0 step5800: loss=1.0723 (reg=0.0343 align=3.460)
ep0 step6000: loss=1.1726 (reg=0.0065 align=3.887)
ep1 step6200: loss=0.9980 (reg=0.0112 align=3.289)
ep1 step6400: loss=0.8773 (reg=0.0150 align=2.874)
ep1 step6600: loss=0.8730 (reg=0.0102 align=2.876)
ep1 step6800: loss=1.0852 (reg=0.0055 align=3.599)
ep1 step7000: loss=0.9070 (reg=0.0034 align=3.012)
ep1 step7200: loss=0.8840 (reg=0.0075 align=2.921)
ep1 step7400: loss=0.7189 (reg=0.0029 align=2.386)
ep1 step7600: loss=0.9359 (reg=0.0071 align=3.096)
ep1 step7800: loss=0.8721 (reg=0.0091 align=2.876)
ep1 step8000: loss=0.8659 (reg=0.0076 align=2.861)
ep1 step8200: loss=0.8629 (reg=0.0083 align=2.849)
ep1 step8400: loss=0.9272 (reg=0.0053 align=3.073)
ep1 step8600: loss=0.6764 (reg=0.0067 align=2.232)
ep1 step8800: loss=0.7765 (reg=0.0249 align=2.505)
ep1 step9000: loss=0.8268 (reg=0.0049 align=2.740)
ep1 step9200: loss=0.7787 (reg=0.0022 align=2.588)
ep1 step9400: loss=0.4560 (reg=0.0044 align=1.505)
ep1 step9600: loss=0.7300 (reg=0.0070 align=2.410)
ep1 step9800: loss=0.8044 (reg=0.0020 align=2.675)
ep1 step10000: loss=0.9073 (reg=0.0024 align=3.016)
ep1 step10200: loss=0.5349 (reg=0.0083 align=1.755)
ep1 step10400: loss=0.8479 (reg=0.0035 align=2.814)
ep1 step10600: loss=0.7346 (reg=0.0074 align=2.424)
ep1 step10800: loss=0.5994 (reg=0.0036 align=1.986)
ep1 step11000: loss=0.7300 (reg=0.0092 align=2.403)
ep1 step11200: loss=0.5801 (reg=0.0054 align=1.915)
ep1 step11400: loss=0.6436 (reg=0.0035 align=2.134)
ep1 step11600: loss=0.6562 (reg=0.0078 align=2.161)
ep1 step11800: loss=0.6245 (reg=0.0018 align=2.076)
ep1 step12000: loss=0.6819 (reg=0.0112 align=2.235)
ep1 step12200: loss=0.8104 (reg=0.0078 align=2.675)
ep2 step12400: loss=0.5470 (reg=0.0068 align=1.800)
ep2 step12600: loss=0.6089 (reg=0.0088 align=2.000)
ep2 step12800: loss=0.7615 (reg=0.0026 align=2.530)
ep2 step13000: loss=0.3904 (reg=0.0062 align=1.281)
ep2 step13200: loss=0.7104 (reg=0.0061 align=2.348)
ep2 step13400: loss=0.6843 (reg=0.0047 align=2.265)
ep2 step13600: loss=0.7471 (reg=0.0150 align=2.440)
ep2 step13800: loss=0.6022 (reg=0.0067 align=1.985)
ep2 step14000: loss=0.6396 (reg=0.0056 align=2.113)
ep2 step14200: loss=0.9686 (reg=0.0114 align=3.190)
ep2 step14400: loss=0.8086 (reg=0.0048 align=2.679)
ep2 step14600: loss=0.8289 (reg=0.0048 align=2.747)
ep2 step14800: loss=0.8101 (reg=0.0176 align=2.642)
ep2 step15000: loss=0.8827 (reg=0.0043 align=2.928)
ep2 step15200: loss=0.5944 (reg=0.0042 align=1.967)
ep2 step15400: loss=0.5151 (reg=0.0046 align=1.702)
ep2 step15600: loss=0.9461 (reg=0.0029 align=3.144)
ep2 step15800: loss=0.6058 (reg=0.0041 align=2.005)
ep2 step16000: loss=0.5434 (reg=0.0048 align=1.795)
ep2 step16200: loss=0.4548 (reg=0.0053 align=1.498)
ep2 step16400: loss=0.5213 (reg=0.0056 align=1.719)
ep2 step16600: loss=0.5613 (reg=0.0063 align=1.850)
ep2 step16800: loss=0.5538 (reg=0.0043 align=1.832)
ep2 step17000: loss=0.5240 (reg=0.0057 align=1.728)
ep2 step17200: loss=0.6408 (reg=0.0023 align=2.128)
ep2 step17400: loss=0.6071 (reg=0.0021 align=2.017)
ep2 step17600: loss=0.3244 (reg=0.0111 align=1.044)
ep2 step17800: loss=0.5592 (reg=0.0069 align=1.841)
ep2 step18000: loss=0.6662 (reg=0.0010 align=2.217)
ep2 step18200: loss=0.5870 (reg=0.0077 align=1.931)
ep2 step18400: loss=0.5213 (reg=0.0007 align=1.735)
ep3 step18600: loss=0.8573 (reg=0.0390 align=2.727)
ep3 step18800: loss=0.5259 (reg=0.0055 align=1.734)
ep3 step19000: loss=0.7862 (reg=0.0058 align=2.601)
ep3 step19200: loss=0.6698 (reg=0.0054 align=2.215)
ep3 step19400: loss=0.5389 (reg=0.0036 align=1.784)
ep3 step19600: loss=0.5148 (reg=0.0028 align=1.707)
ep3 step19800: loss=0.4958 (reg=0.0045 align=1.638)
ep3 step20000: loss=0.5700 (reg=0.0060 align=1.880)
ep3 step20200: loss=0.5659 (reg=0.0030 align=1.876)
ep3 step20400: loss=0.5650 (reg=0.0033 align=1.872)
ep3 step20600: loss=0.5142 (reg=0.0022 align=1.707)
ep3 step20800: loss=0.6621 (reg=0.0024 align=2.199)
ep3 step21000: loss=0.5151 (reg=0.0046 align=1.701)
ep3 step21200: loss=0.6397 (reg=0.0075 align=2.107)
ep3 step21400: loss=0.4033 (reg=0.0057 align=1.325)
ep3 step21600: loss=0.6238 (reg=0.0038 align=2.067)
ep3 step21800: loss=0.6787 (reg=0.0068 align=2.239)
ep3 step22000: loss=0.6026 (reg=0.0091 align=1.978)
ep3 step22200: loss=0.2756 (reg=0.0050 align=0.902)
ep3 step22400: loss=0.8190 (reg=0.0112 align=2.692)
ep3 step22600: loss=1.0153 (reg=0.0066 align=3.362)
ep3 step22800: loss=0.4473 (reg=0.0037 align=1.479)
ep3 step23000: loss=0.4483 (reg=0.0068 align=1.471)
ep3 step23200: loss=0.5273 (reg=0.0033 align=1.747)
ep3 step23400: loss=0.4287 (reg=0.0072 align=1.405)
ep3 step23600: loss=0.4595 (reg=0.0042 align=1.517)
ep3 step23800: loss=0.5624 (reg=0.0034 align=1.863)
ep3 step24000: loss=0.7028 (reg=0.0067 align=2.320)
ep3 step24200: loss=0.6270 (reg=0.0035 align=2.078)
ep3 step24400: loss=0.3755 (reg=0.0069 align=1.229)
ep3 step24600: loss=0.7574 (reg=0.0036 align=2.513)
ep4 step24800: loss=0.5970 (reg=0.0036 align=1.978)
ep4 step25000: loss=0.5267 (reg=0.0134 align=1.711)
ep4 step25200: loss=0.5773 (reg=0.0042 align=1.910)
ep4 step25400: loss=0.5408 (reg=0.0063 align=1.781)
ep4 step25600: loss=0.5750 (reg=0.0041 align=1.903)
ep4 step25800: loss=0.5425 (reg=0.0054 align=1.790)
ep4 step26000: loss=0.3966 (reg=0.0057 align=1.303)
ep4 step26200: loss=0.6316 (reg=0.0086 align=2.077)
ep4 step26400: loss=0.7224 (reg=0.0333 align=2.297)
ep4 step26600: loss=0.7362 (reg=0.0041 align=2.441)
ep4 step26800: loss=0.7253 (reg=0.0052 align=2.400)
ep4 step27000: loss=0.7248 (reg=0.0059 align=2.396)
ep4 step27200: loss=0.5881 (reg=0.0053 align=1.943)
ep4 step27400: loss=0.4077 (reg=0.0021 align=1.352)
ep4 step27600: loss=0.5787 (reg=0.0047 align=1.913)
ep4 step27800: loss=0.7049 (reg=0.0066 align=2.327)
ep4 step28000: loss=0.4149 (reg=0.0182 align=1.322)
ep4 step28200: loss=0.6530 (reg=0.0017 align=2.171)
ep4 step28400: loss=0.5912 (reg=0.0059 align=1.951)
ep4 step28600: loss=0.4825 (reg=0.0106 align=1.573)
ep4 step28800: loss=0.5014 (reg=0.0042 align=1.658)
ep4 step29000: loss=0.5878 (reg=0.0040 align=1.946)
ep4 step29200: loss=0.5313 (reg=0.0021 align=1.764)
ep4 step29400: loss=0.5966 (reg=0.0031 align=1.978)
ep4 step29600: loss=0.4141 (reg=0.0052 align=1.363)
ep4 step29800: loss=0.3306 (reg=0.0062 align=1.081)
ep4 step30000: loss=0.6838 (reg=0.0022 align=2.272)
ep4 step30200: loss=0.4469 (reg=0.0050 align=1.473)
ep4 step30400: loss=0.8000 (reg=0.0046 align=2.651)
ep4 step30600: loss=0.4728 (reg=0.0041 align=1.562)
ep4 step30800: loss=0.6356 (reg=0.0066 align=2.096)
ep5 step31000: loss=0.3770 (reg=0.0043 align=1.242)
ep5 step31200: loss=0.3711 (reg=0.0047 align=1.221)
ep5 step31400: loss=0.5576 (reg=0.0042 align=1.845)
ep5 step31600: loss=0.3884 (reg=0.0046 align=1.279)
ep5 step31800: loss=0.5279 (reg=0.0016 align=1.754)
ep5 step32000: loss=0.4061 (reg=0.0047 align=1.338)
ep5 step32200: loss=0.5826 (reg=0.0030 align=1.932)
ep5 step32400: loss=0.2503 (reg=0.0064 align=0.813)
ep5 step32600: loss=0.4174 (reg=0.0061 align=1.371)
ep5 step32800: loss=0.3648 (reg=0.0073 align=1.191)
ep5 step33000: loss=0.5111 (reg=0.0055 align=1.685)
ep5 step33200: loss=0.4931 (reg=0.0027 align=1.635)
ep5 step33400: loss=0.6276 (reg=0.0092 align=2.061)
ep5 step33600: loss=0.4834 (reg=0.0351 align=1.494)
ep5 step33800: loss=0.4723 (reg=0.0045 align=1.559)
ep5 step34000: loss=0.4778 (reg=0.0057 align=1.573)
ep5 step34200: loss=0.5637 (reg=0.0041 align=1.865)
ep5 step34400: loss=0.4857 (reg=0.0030 align=1.609)
ep5 step34600: loss=0.4952 (reg=0.0059 align=1.631)
ep5 step34800: loss=0.3523 (reg=0.0058 align=1.155)
ep5 step35000: loss=0.4858 (reg=0.0022 align=1.612)
ep5 step35200: loss=0.3468 (reg=0.0060 align=1.136)
ep5 step35400: loss=0.5783 (reg=0.0073 align=1.903)
ep5 step35600: loss=0.5096 (reg=0.0053 align=1.681)
ep5 step35800: loss=0.2752 (reg=0.0064 align=0.896)
ep5 step36000: loss=0.4155 (reg=0.0061 align=1.365)
ep5 step36200: loss=0.6333 (reg=0.0043 align=2.096)
ep5 step36400: loss=0.4011 (reg=0.0023 align=1.329)
ep5 step36600: loss=0.6370 (reg=0.0055 align=2.105)
ep5 step36800: loss=0.5790 (reg=0.0071 align=1.906)
ep5 step37000: loss=0.4070 (reg=0.0047 align=1.341)
ep6 step37200: loss=0.5792 (reg=0.0054 align=1.912)
ep6 step37400: loss=0.5046 (reg=0.0073 align=1.658)
ep6 step37600: loss=0.4229 (reg=0.0056 align=1.391)
ep6 step37800: loss=0.3810 (reg=0.0114 align=1.232)
ep6 step38000: loss=0.7424 (reg=0.0047 align=2.459)
ep6 step38200: loss=0.2960 (reg=0.0056 align=0.968)
ep6 step38400: loss=0.2883 (reg=0.0059 align=0.941)
ep6 step38600: loss=0.4529 (reg=0.0044 align=1.495)
ep6 step38800: loss=0.4744 (reg=0.0060 align=1.561)
ep6 step39000: loss=0.2670 (reg=0.0083 align=0.862)
ep6 step39200: loss=0.3528 (reg=0.0071 align=1.152)
ep6 step39400: loss=0.4513 (reg=0.0022 align=1.497)
ep6 step39600: loss=0.4458 (reg=0.0053 align=1.468)
ep6 step39800: loss=0.4496 (reg=0.0053 align=1.481)
ep6 step40000: loss=0.3706 (reg=0.0053 align=1.218)
ep6 step40200: loss=0.3849 (reg=0.0072 align=1.259)
ep6 step40400: loss=0.2851 (reg=0.0077 align=0.925)
ep6 step40600: loss=0.7366 (reg=0.0042 align=2.441)
ep6 step40800: loss=0.5072 (reg=0.0056 align=1.671)
ep6 step41000: loss=0.3639 (reg=0.0056 align=1.194)
ep6 step41200: loss=0.4465 (reg=0.0040 align=1.475)
ep6 step41400: loss=0.6844 (reg=0.0118 align=2.242)
ep6 step41600: loss=0.3679 (reg=0.0051 align=1.209)
ep6 step41800: loss=0.6607 (reg=0.0068 align=2.179)
ep6 step42000: loss=0.5382 (reg=0.0029 align=1.784)
ep6 step42200: loss=0.3992 (reg=0.0098 align=1.298)
ep6 step42400: loss=0.5394 (reg=0.0133 align=1.753)
ep6 step42600: loss=0.4987 (reg=0.0092 align=1.631)
ep6 step42800: loss=0.2369 (reg=0.0058 align=0.770)
ep6 step43000: loss=0.3910 (reg=0.0048 align=1.288)
ep6 step43200: loss=0.6617 (reg=0.0069 align=2.183)
ep7 step43400: loss=0.5038 (reg=0.0209 align=1.610)
ep7 step43600: loss=0.5311 (reg=0.0199 align=1.704)
ep7 step43800: loss=0.3963 (reg=0.0096 align=1.289)
ep7 step44000: loss=0.3643 (reg=0.0062 align=1.193)
ep7 step44200: loss=0.3338 (reg=0.0052 align=1.095)
ep7 step44400: loss=0.3724 (reg=0.0020 align=1.234)
ep7 step44600: loss=0.2975 (reg=0.0070 align=0.968)
ep7 step44800: loss=0.4846 (reg=0.0059 align=1.595)
ep7 step45000: loss=0.4195 (reg=0.0025 align=1.390)
ep7 step45200: loss=0.1653 (reg=0.0040 align=0.538)
ep7 step45400: loss=0.3191 (reg=0.0148 align=1.014)
ep7 step45600: loss=0.4014 (reg=0.0027 align=1.329)
ep7 step45800: loss=0.2853 (reg=0.0059 align=0.931)
ep7 step46000: loss=0.4254 (reg=0.0070 align=1.395)
ep7 step46200: loss=0.1615 (reg=0.0078 align=0.512)
ep7 step46400: loss=0.4889 (reg=0.0053 align=1.612)
ep7 step46600: loss=0.3601 (reg=0.0068 align=1.178)
ep7 step46800: loss=0.5095 (reg=0.0068 align=1.675)
ep7 step47000: loss=0.3250 (reg=0.0051 align=1.066)
ep7 step47200: loss=0.3723 (reg=0.0036 align=1.229)
ep7 step47400: loss=0.5185 (reg=0.0054 align=1.710)
ep7 step47600: loss=0.4831 (reg=0.0048 align=1.594)
ep7 step47800: loss=0.3763 (reg=0.0070 align=1.231)
ep7 step48000: loss=0.6797 (reg=0.0141 align=2.219)
ep7 step48200: loss=0.4791 (reg=0.0021 align=1.590)
ep7 step48400: loss=0.4678 (reg=0.0060 align=1.539)
ep7 step48600: loss=0.2475 (reg=0.0033 align=0.814)
ep7 step48800: loss=0.4740 (reg=0.0028 align=1.570)
ep7 step49000: loss=0.5210 (reg=0.0055 align=1.718)
ep7 step49200: loss=0.3910 (reg=0.0089 align=1.274)
ep7 step49400: loss=0.3894 (reg=0.0032 align=1.287)
ep8 step49600: loss=0.3453 (reg=0.0035 align=1.139)
ep8 step49800: loss=0.3811 (reg=0.0067 align=1.248)
ep8 step50000: loss=0.3508 (reg=0.0077 align=1.143)
ep8 step50200: loss=0.5728 (reg=0.0086 align=1.880)
ep8 step50400: loss=0.4297 (reg=0.0055 align=1.414)
ep8 step50600: loss=0.2497 (reg=0.0086 align=0.803)
ep8 step50800: loss=0.4096 (reg=0.0045 align=1.350)
ep8 step51000: loss=0.4226 (reg=0.0059 align=1.389)
ep8 step51200: loss=0.5140 (reg=0.0036 align=1.701)
ep8 step51400: loss=0.7066 (reg=0.0009 align=2.352)
ep8 step51600: loss=0.6680 (reg=0.0023 align=2.219)
ep8 step51800: loss=0.4186 (reg=0.0039 align=1.382)
ep8 step52000: loss=0.2978 (reg=0.0073 align=0.968)
ep8 step52200: loss=0.7289 (reg=0.0053 align=2.412)
ep8 step52400: loss=0.4696 (reg=0.0078 align=1.539)
ep8 step52600: loss=0.3147 (reg=0.0057 align=1.030)
ep8 step52800: loss=0.3033 (reg=0.0066 align=0.989)
ep8 step53000: loss=0.2994 (reg=0.0051 align=0.981)
ep8 step53200: loss=0.2448 (reg=0.0018 align=0.810)
ep8 step53400: loss=0.2360 (reg=0.0046 align=0.771)
ep8 step53600: loss=0.2913 (reg=0.0029 align=0.961)
ep8 step53800: loss=0.5253 (reg=0.0028 align=1.742)
ep8 step54000: loss=0.5592 (reg=0.0043 align=1.849)
ep8 step54200: loss=0.5784 (reg=0.0034 align=1.916)
ep8 step54400: loss=0.3167 (reg=0.0028 align=1.046)
ep8 step54600: loss=0.3241 (reg=0.0030 align=1.070)
ep8 step54800: loss=0.4006 (reg=0.0054 align=1.317)
ep8 step55000: loss=0.3027 (reg=0.0051 align=0.992)
ep8 step55200: loss=0.4759 (reg=0.0009 align=1.583)
ep8 step55400: loss=0.4697 (reg=0.0065 align=1.544)
ep8 step55600: loss=0.4789 (reg=0.0020 align=1.590)
ep9 step55800: loss=0.3366 (reg=0.0055 align=1.103)
ep9 step56000: loss=0.3396 (reg=0.0030 align=1.122)
ep9 step56200: loss=0.4601 (reg=0.0010 align=1.530)
ep9 step56400: loss=0.3900 (reg=0.0030 align=1.290)
ep9 step56600: loss=0.3753 (reg=0.0151 align=1.200)
ep9 step56800: loss=0.4927 (reg=0.0051 align=1.625)
ep9 step57000: loss=0.3409 (reg=0.0037 align=1.124)
ep9 step57200: loss=0.3975 (reg=0.0039 align=1.312)
ep9 step57400: loss=0.4542 (reg=0.0050 align=1.497)
ep9 step57600: loss=0.5414 (reg=0.0071 align=1.781)
ep9 step57800: loss=0.5607 (reg=0.0031 align=1.859)
ep9 step58000: loss=0.2515 (reg=0.0050 align=0.822)
ep9 step58200: loss=0.3048 (reg=0.0066 align=0.994)
ep9 step58400: loss=0.3959 (reg=0.0072 align=1.296)
ep9 step58600: loss=0.4086 (reg=0.0025 align=1.354)
ep9 step58800: loss=0.5619 (reg=0.0340 align=1.760)
ep9 step59000: loss=0.3316 (reg=0.0023 align=1.097)
ep9 step59200: loss=0.4483 (reg=0.0108 align=1.458)
ep9 step59400: loss=0.5552 (reg=0.0031 align=1.840)
ep9 step59600: loss=0.3466 (reg=0.0050 align=1.138)
ep9 step59800: loss=0.5553 (reg=0.0400 align=1.717)
ep9 step60000: loss=0.2790 (reg=0.0059 align=0.910)
ep9 step60200: loss=0.2016 (reg=0.0051 align=0.655)
ep9 step60400: loss=0.5091 (reg=0.0031 align=1.686)
ep9 step60600: loss=0.2451 (reg=0.0043 align=0.803)
ep9 step60800: loss=0.3816 (reg=0.0044 align=1.257)
ep9 step61000: loss=0.3404 (reg=0.0034 align=1.123)
ep9 step61200: loss=0.5486 (reg=0.0228 align=1.752)
ep9 step61400: loss=0.3737 (reg=0.0036 align=1.234)
ep9 step61600: loss=0.3736 (reg=0.0031 align=1.235)
ep9 step61800: loss=0.4829 (reg=0.0086 align=1.581)
ep10 step62000: loss=0.3265 (reg=0.0047 align=1.073)
ep10 step62200: loss=0.3540 (reg=0.0019 align=1.174)
ep10 step62400: loss=0.4370 (reg=0.0040 align=1.443)
ep10 step62600: loss=0.2315 (reg=0.0060 align=0.751)
ep10 step62800: loss=0.7234 (reg=0.0053 align=2.393)
ep10 step63000: loss=0.3828 (reg=0.0040 align=1.263)
ep10 step63200: loss=0.4526 (reg=0.0055 align=1.490)
ep10 step63400: loss=0.3722 (reg=0.0074 align=1.216)
ep10 step63600: loss=0.4070 (reg=0.0035 align=1.345)
ep10 step63800: loss=0.5356 (reg=0.0167 align=1.729)
ep10 step64000: loss=0.3461 (reg=0.0038 align=1.141)
ep10 step64200: loss=0.2676 (reg=0.0034 align=0.881)
ep10 step64400: loss=0.3526 (reg=0.0033 align=1.164)
ep10 step64600: loss=0.3347 (reg=0.0039 align=1.103)
ep10 step64800: loss=0.2383 (reg=0.0046 align=0.779)
ep10 step65000: loss=0.2169 (reg=0.0054 align=0.705)
ep10 step65200: loss=0.3031 (reg=0.0054 align=0.992)
ep10 step65400: loss=0.5118 (reg=0.0091 align=1.675)
ep10 step65600: loss=0.4996 (reg=0.0052 align=1.648)
ep10 step65800: loss=0.5548 (reg=0.0102 align=1.815)
ep10 step66000: loss=0.3712 (reg=0.0028 align=1.228)
ep10 step66200: loss=0.3003 (reg=0.0020 align=0.994)
ep10 step66400: loss=0.3822 (reg=0.0063 align=1.253)
ep10 step66600: loss=0.4171 (reg=0.0066 align=1.368)
ep10 step66800: loss=0.4649 (reg=0.0030 align=1.540)
ep10 step67000: loss=0.4441 (reg=0.0057 align=1.461)
ep10 step67200: loss=0.1807 (reg=0.0060 align=0.582)
ep10 step67400: loss=0.4394 (reg=0.0070 align=1.441)
ep10 step67600: loss=0.2562 (reg=0.0046 align=0.839)
ep10 step67800: loss=0.3161 (reg=0.0249 align=0.970)
ep10 step68000: loss=0.3817 (reg=0.0044 align=1.257)
ep11 step68200: loss=0.3477 (reg=0.0027 align=1.150)
ep11 step68400: loss=0.3430 (reg=0.0077 align=1.117)
ep11 step68600: loss=0.2675 (reg=0.0062 align=0.871)
ep11 step68800: loss=0.3705 (reg=0.0016 align=1.229)
ep11 step69000: loss=0.4012 (reg=0.0056 align=1.318)
ep11 step69200: loss=0.2754 (reg=0.0055 align=0.899)
ep11 step69400: loss=0.4247 (reg=0.0422 align=1.275)
ep11 step69600: loss=0.6601 (reg=0.0051 align=2.183)
ep11 step69800: loss=0.3774 (reg=0.0028 align=1.248)
ep11 step70000: loss=0.4612 (reg=0.0093 align=1.506)
ep11 step70200: loss=0.6165 (reg=0.0146 align=2.006)
ep11 step70400: loss=0.4596 (reg=0.0122 align=1.491)
ep11 step70600: loss=0.5108 (reg=0.0047 align=1.687)
ep11 step70800: loss=0.6204 (reg=0.0131 align=2.024)
ep11 step71000: loss=0.2398 (reg=0.0031 align=0.789)
ep11 step71200: loss=0.5169 (reg=0.0084 align=1.695)
ep11 step71400: loss=0.2724 (reg=0.0060 align=0.888)
ep11 step71600: loss=0.3770 (reg=0.0053 align=1.239)
ep11 step71800: loss=0.4999 (reg=0.0299 align=1.566)
ep11 step72000: loss=0.5934 (reg=0.0040 align=1.964)
ep11 step72200: loss=0.2938 (reg=0.0064 align=0.958)
ep11 step72400: loss=0.3020 (reg=0.0035 align=0.995)
ep11 step72600: loss=0.3196 (reg=0.0021 align=1.058)
ep11 step72800: loss=0.2712 (reg=0.0044 align=0.889)
ep11 step73000: loss=0.3965 (reg=0.0028 align=1.312)
ep11 step73200: loss=0.4080 (reg=0.0040 align=1.347)
ep11 step73400: loss=0.4593 (reg=0.0094 align=1.500)
ep11 step73600: loss=0.3999 (reg=0.0083 align=1.305)
ep11 step73800: loss=0.4908 (reg=0.0234 align=1.558)
ep11 step74000: loss=0.4737 (reg=0.0113 align=1.541)
ep12 step74200: loss=0.2754 (reg=0.0062 align=0.897)
ep12 step74400: loss=0.7626 (reg=0.0030 align=2.532)
ep12 step74600: loss=0.5201 (reg=0.0127 align=1.691)
ep12 step74800: loss=0.2578 (reg=0.0065 align=0.838)
ep12 step75000: loss=0.1545 (reg=0.0056 align=0.497)
ep12 step75200: loss=0.3996 (reg=0.0053 align=1.314)
ep12 step75400: loss=0.2434 (reg=0.0057 align=0.792)
ep12 step75600: loss=0.3270 (reg=0.0054 align=1.072)
ep12 step75800: loss=0.3365 (reg=0.0064 align=1.100)
ep12 step76000: loss=0.4127 (reg=0.0067 align=1.353)
ep12 step76200: loss=0.2483 (reg=0.0041 align=0.814)
ep12 step76400: loss=0.3492 (reg=0.0171 align=1.107)
ep12 step76600: loss=0.4441 (reg=0.0045 align=1.465)
ep12 step76800: loss=0.4588 (reg=0.0137 align=1.483)
ep12 step77000: loss=0.3727 (reg=0.0047 align=1.227)
ep12 step77200: loss=0.4629 (reg=0.0029 align=1.533)
ep12 step77400: loss=0.4495 (reg=0.0031 align=1.488)
ep12 step77600: loss=0.3326 (reg=0.0049 align=1.092)
ep12 step77800: loss=0.3290 (reg=0.0041 align=1.083)
ep12 step78000: loss=0.3647 (reg=0.0045 align=1.200)
ep12 step78200: loss=0.5257 (reg=0.0155 align=1.701)
ep12 step78400: loss=0.4384 (reg=0.0023 align=1.454)
ep12 step78600: loss=0.3958 (reg=0.0082 align=1.292)
ep12 step78800: loss=0.4575 (reg=0.0046 align=1.509)
ep12 step79000: loss=0.2936 (reg=0.0064 align=0.957)
ep12 step79200: loss=0.1824 (reg=0.0056 align=0.589)
ep12 step79400: loss=0.4831 (reg=0.0022 align=1.603)
ep12 step79600: loss=0.3619 (reg=0.0069 align=1.183)
ep12 step79800: loss=0.3644 (reg=0.0041 align=1.201)
ep12 step80000: loss=0.5474 (reg=0.0057 align=1.805)
ep12 step80200: loss=0.3071 (reg=0.0101 align=0.990)
ep13 step80400: loss=0.5193 (reg=0.0058 align=1.711)
ep13 step80600: loss=0.5407 (reg=0.0084 align=1.774)
ep13 step80800: loss=0.3808 (reg=0.0070 align=1.246)
ep13 step81000: loss=0.5899 (reg=0.0043 align=1.952)
ep13 step81200: loss=0.2823 (reg=0.0052 align=0.924)
ep13 step81400: loss=0.4016 (reg=0.0032 align=1.328)
ep13 step81600: loss=0.2615 (reg=0.0037 align=0.859)
ep13 step81800: loss=0.4246 (reg=0.0035 align=1.403)
ep13 step82000: loss=0.3277 (reg=0.0059 align=1.072)
ep13 step82200: loss=0.2754 (reg=0.0068 align=0.895)
ep13 step82400: loss=0.5537 (reg=0.0034 align=1.834)
ep13 step82600: loss=0.1968 (reg=0.0008 align=0.653)
ep13 step82800: loss=0.2656 (reg=0.0064 align=0.864)
ep13 step83000: loss=0.4008 (reg=0.0166 align=1.281)
ep13 step83200: loss=0.4095 (reg=0.0038 align=1.352)
ep13 step83400: loss=0.2720 (reg=0.0032 align=0.896)
ep13 step83600: loss=0.3017 (reg=0.0077 align=0.980)
ep13 step83800: loss=0.4255 (reg=0.0079 align=1.392)
ep13 step84000: loss=0.5035 (reg=0.0095 align=1.646)
ep13 step84200: loss=0.3589 (reg=0.0041 align=1.183)
ep13 step84400: loss=0.2306 (reg=0.0062 align=0.748)
ep13 step84600: loss=0.2214 (reg=0.0060 align=0.718)
ep13 step84800: loss=0.4985 (reg=0.0261 align=1.575)
ep13 step85000: loss=0.3931 (reg=0.0315 align=1.205)
ep13 step85200: loss=0.4050 (reg=0.0037 align=1.337)
ep13 step85400: loss=0.2976 (reg=0.0042 align=0.978)
ep13 step85600: loss=0.2673 (reg=0.0054 align=0.873)
ep13 step85800: loss=0.2732 (reg=0.0035 align=0.899)
ep13 step86000: loss=0.3414 (reg=0.0030 align=1.128)
ep13 step86200: loss=0.4571 (reg=0.0046 align=1.508)
ep13 step86400: loss=0.5119 (reg=0.0105 align=1.671)
ep14 step86600: loss=0.4103 (reg=0.0071 align=1.344)
ep14 step86800: loss=0.4165 (reg=0.0042 align=1.374)
ep14 step87000: loss=0.2827 (reg=0.0009 align=0.939)
ep14 step87200: loss=0.3666 (reg=0.0049 align=1.205)
ep14 step87400: loss=0.4392 (reg=0.0053 align=1.446)
ep14 step87600: loss=0.3005 (reg=0.0076 align=0.976)
ep14 step87800: loss=0.3399 (reg=0.0023 align=1.125)
ep14 step88000: loss=0.4496 (reg=0.0048 align=1.483)
ep14 step88200: loss=0.4267 (reg=0.0039 align=1.409)
ep14 step88400: loss=0.2087 (reg=0.0048 align=0.680)
ep14 step88600: loss=0.3801 (reg=0.0037 align=1.255)
ep14 step88800: loss=0.4317 (reg=0.0047 align=1.423)
ep14 step89000: loss=0.5244 (reg=0.0048 align=1.732)
ep14 step89200: loss=0.4425 (reg=0.0071 align=1.451)
ep14 step89400: loss=0.4567 (reg=0.0043 align=1.508)
ep14 step89600: loss=0.4593 (reg=0.0058 align=1.512)
ep14 step89800: loss=0.4922 (reg=0.0028 align=1.631)
ep14 step90000: loss=0.3451 (reg=0.0044 align=1.135)
ep14 step90200: loss=0.3007 (reg=0.0045 align=0.987)
ep14 step90400: loss=0.3683 (reg=0.0088 align=1.198)
ep14 step90600: loss=0.3049 (reg=0.0027 align=1.007)
ep14 step90800: loss=0.6017 (reg=0.0124 align=1.964)
ep14 step91000: loss=0.3656 (reg=0.0020 align=1.212)
ep14 step91200: loss=0.4489 (reg=0.0022 align=1.489)
ep14 step91400: loss=0.2311 (reg=0.0044 align=0.756)
ep14 step91600: loss=0.2753 (reg=0.0031 align=0.907)
ep14 step91800: loss=0.4172 (reg=0.0056 align=1.372)
ep14 step92000: loss=0.4423 (reg=0.0028 align=1.465)
ep14 step92200: loss=0.4464 (reg=0.0084 align=1.460)
ep14 step92400: loss=0.2363 (reg=0.0057 align=0.769)
ep14 step92600: loss=0.3317 (reg=0.0012 align=1.101)
ep15 step92800: loss=0.3786 (reg=0.0059 align=1.242)
ep15 step93000: loss=0.4441 (reg=0.0102 align=1.446)
ep15 step93200: loss=0.3863 (reg=0.0045 align=1.273)
ep15 step93400: loss=0.1962 (reg=0.0059 align=0.634)
ep15 step93600: loss=0.2066 (reg=0.0069 align=0.666)
ep15 step93800: loss=0.2100 (reg=0.0010 align=0.697)
ep15 step94000: loss=0.5431 (reg=0.0042 align=1.796)
ep15 step94200: loss=0.3430 (reg=0.0063 align=1.122)
ep15 step94400: loss=0.6700 (reg=0.0360 align=2.113)
ep15 step94600: loss=0.1883 (reg=0.0053 align=0.610)
ep15 step94800: loss=0.2982 (reg=0.0056 align=0.975)
ep15 step95000: loss=0.3905 (reg=0.0084 align=1.273)
ep15 step95200: loss=0.3787 (reg=0.0025 align=1.254)
ep15 step95400: loss=0.2246 (reg=0.0024 align=0.741)
ep15 step95600: loss=0.2871 (reg=0.0062 align=0.936)
ep15 step95800: loss=0.3218 (reg=0.0032 align=1.062)
ep15 step96000: loss=0.3734 (reg=0.0045 align=1.229)
ep15 step96200: loss=0.2556 (reg=0.0061 align=0.832)
ep15 step96400: loss=0.3709 (reg=0.0020 align=1.229)
ep15 step96600: loss=0.4017 (reg=0.0048 align=1.323)
ep15 step96800: loss=0.4094 (reg=0.0032 align=1.354)
ep15 step97000: loss=0.5310 (reg=0.0147 align=1.721)
ep15 step97200: loss=0.2869 (reg=0.0068 align=0.934)
ep15 step97400: loss=0.1848 (reg=0.0030 align=0.606)
ep15 step97600: loss=0.3016 (reg=0.0060 align=0.985)
ep15 step97800: loss=0.4190 (reg=0.0031 align=1.386)
ep15 step98000: loss=0.3519 (reg=0.0069 align=1.150)
ep15 step98200: loss=0.2904 (reg=0.0018 align=0.962)
ep15 step98400: loss=0.3647 (reg=0.0063 align=1.194)
ep15 step98600: loss=0.3245 (reg=0.0057 align=1.062)
ep15 step98800: loss=0.2914 (reg=0.0036 align=0.959)
ep16 step99000: loss=0.3894 (reg=0.0146 align=1.249)
ep16 step99200: loss=0.3477 (reg=0.0061 align=1.139)
ep16 step99400: loss=0.3198 (reg=0.0041 align=1.052)
ep16 step99600: loss=0.3147 (reg=0.0130 align=1.005)
ep16 step99800: loss=0.3936 (reg=0.0058 align=1.293)
ep16 step100000: loss=0.4016 (reg=0.0046 align=1.323)
ep16 step100200: loss=0.3841 (reg=0.0066 align=1.258)
ep16 step100400: loss=0.2709 (reg=0.0074 align=0.878)
ep16 step100600: loss=0.3677 (reg=0.0048 align=1.210)
ep16 step100800: loss=0.3602 (reg=0.0097 align=1.168)
ep16 step101000: loss=0.2776 (reg=0.0114 align=0.887)
ep16 step101200: loss=0.2294 (reg=0.0034 align=0.753)
ep16 step101400: loss=0.4357 (reg=0.0076 align=1.427)
ep16 step101600: loss=0.1431 (reg=0.0035 align=0.465)
ep16 step101800: loss=0.4542 (reg=0.0034 align=1.503)
ep16 step102000: loss=0.3435 (reg=0.0039 align=1.132)
ep16 step102200: loss=0.3535 (reg=0.0153 align=1.127)
ep16 step102400: loss=0.3371 (reg=0.0077 align=1.098)
ep16 step102600: loss=0.4664 (reg=0.0060 align=1.534)
ep16 step102800: loss=0.2944 (reg=0.0037 align=0.969)
ep16 step103000: loss=0.2304 (reg=0.0053 align=0.750)
ep16 step103200: loss=0.4578 (reg=0.0033 align=1.515)
ep16 step103400: loss=0.3054 (reg=0.0036 align=1.006)
ep16 step103600: loss=0.2488 (reg=0.0047 align=0.813)
ep16 step103800: loss=0.3791 (reg=0.0027 align=1.255)
ep16 step104000: loss=0.2224 (reg=0.0064 align=0.720)
ep16 step104200: loss=0.4023 (reg=0.0042 align=1.327)
ep16 step104400: loss=0.2009 (reg=0.0053 align=0.652)
ep16 step104600: loss=0.4710 (reg=0.0099 align=1.537)
ep16 step104800: loss=0.2950 (reg=0.0048 align=0.967)
ep16 step105000: loss=0.2831 (reg=0.0078 align=0.918)
ep17 step105200: loss=0.3724 (reg=0.0074 align=1.217)
ep17 step105400: loss=0.3919 (reg=0.0078 align=1.280)
ep17 step105600: loss=0.4509 (reg=0.0061 align=1.483)
ep17 step105800: loss=0.3301 (reg=0.0021 align=1.093)
ep17 step106000: loss=0.3091 (reg=0.0044 align=1.016)
ep17 step106200: loss=0.2470 (reg=0.0079 align=0.797)
ep17 step106400: loss=0.2499 (reg=0.0050 align=0.816)
ep17 step106600: loss=0.3020 (reg=0.0058 align=0.987)
ep17 step106800: loss=0.2206 (reg=0.0039 align=0.722)
ep17 step107000: loss=0.2954 (reg=0.0048 align=0.968)
ep17 step107200: loss=0.3782 (reg=0.0152 align=1.210)
ep17 step107400: loss=0.3027 (reg=0.0073 align=0.985)
ep17 step107600: loss=0.3345 (reg=0.0058 align=1.096)
ep17 step107800: loss=0.2491 (reg=0.0022 align=0.823)
ep17 step108000: loss=0.3534 (reg=0.0045 align=1.163)
ep17 step108200: loss=0.3585 (reg=0.0058 align=1.176)
ep17 step108400: loss=0.2440 (reg=0.0047 align=0.798)
ep17 step108600: loss=0.3004 (reg=0.0031 align=0.991)
ep17 step108800: loss=0.2439 (reg=0.0062 align=0.792)
ep17 step109000: loss=0.3599 (reg=0.0077 align=1.174)
ep17 step109200: loss=0.2460 (reg=0.0131 align=0.776)
ep17 step109400: loss=0.3274 (reg=0.0066 align=1.069)
ep17 step109600: loss=0.4016 (reg=0.0047 align=1.323)
ep17 step109800: loss=0.2569 (reg=0.0061 align=0.836)
ep17 step110000: loss=0.3744 (reg=0.0094 align=1.217)
ep17 step110200: loss=0.2447 (reg=0.0043 align=0.801)
ep17 step110400: loss=0.5052 (reg=0.0083 align=1.656)
ep17 step110600: loss=0.2905 (reg=0.0051 align=0.951)
ep17 step110800: loss=0.4499 (reg=0.0050 align=1.483)
ep17 step111000: loss=0.4065 (reg=0.0034 align=1.343)
ep17 step111200: loss=0.4421 (reg=0.0057 align=1.454)
ep18 step111400: loss=0.3061 (reg=0.0054 align=1.002)
ep18 step111600: loss=0.3157 (reg=0.0050 align=1.036)
ep18 step111800: loss=0.3589 (reg=0.0062 align=1.175)
ep18 step112000: loss=0.6970 (reg=0.0113 align=2.285)
ep18 step112200: loss=0.4041 (reg=0.0062 align=1.326)
ep18 step112400: loss=0.2144 (reg=0.0055 align=0.696)
ep18 step112600: loss=0.3963 (reg=0.0035 align=1.309)
ep18 step112800: loss=0.4846 (reg=0.0025 align=1.607)
ep18 step113000: loss=0.2465 (reg=0.0017 align=0.816)
ep18 step113200: loss=0.3748 (reg=0.0141 align=1.202)
ep18 step113400: loss=0.2145 (reg=0.0034 align=0.703)
ep18 step113600: loss=0.3656 (reg=0.0043 align=1.204)
ep18 step113800: loss=0.5198 (reg=0.0083 align=1.705)
ep18 step114000: loss=0.2505 (reg=0.0065 align=0.813)
ep18 step114200: loss=0.3034 (reg=0.0037 align=0.999)
ep18 step114400: loss=0.3782 (reg=0.0041 align=1.247)
ep18 step114600: loss=0.3010 (reg=0.0071 align=0.980)
ep18 step114800: loss=0.1347 (reg=0.0054 align=0.431)
ep18 step115000: loss=0.4543 (reg=0.0051 align=1.497)
ep18 step115200: loss=0.2575 (reg=0.0045 align=0.843)
ep18 step115400: loss=0.3743 (reg=0.0035 align=1.236)
ep18 step115600: loss=0.2374 (reg=0.0063 align=0.770)
ep18 step115800: loss=0.2464 (reg=0.0026 align=0.813)
ep18 step116000: loss=0.2892 (reg=0.0032 align=0.953)
ep18 step116200: loss=0.5006 (reg=0.0215 align=1.597)
ep18 step116400: loss=0.1782 (reg=0.0055 align=0.576)
ep18 step116600: loss=0.4418 (reg=0.0044 align=1.458)
ep18 step116800: loss=0.3532 (reg=0.0015 align=1.172)
ep18 step117000: loss=0.4740 (reg=0.0073 align=1.556)
ep18 step117200: loss=0.2957 (reg=0.0038 align=0.973)
ep18 step117400: loss=0.3587 (reg=0.0045 align=1.180)
ep19 step117600: loss=0.3532 (reg=0.0060 align=1.157)
ep19 step117800: loss=0.3165 (reg=0.0053 align=1.037)
ep19 step118000: loss=0.3215 (reg=0.0045 align=1.057)
ep19 step118200: loss=0.4578 (reg=0.0042 align=1.512)
ep19 step118400: loss=0.3658 (reg=0.0039 align=1.207)
ep19 step118600: loss=0.2773 (reg=0.0054 align=0.906)
ep19 step118800: loss=0.3302 (reg=0.0126 align=1.059)
ep19 step119000: loss=0.2976 (reg=0.0040 align=0.979)
ep19 step119200: loss=0.1793 (reg=0.0078 align=0.571)
ep19 step119400: loss=0.4102 (reg=0.0122 align=1.326)
ep19 step119600: loss=0.2996 (reg=0.0043 align=0.984)
ep19 step119800: loss=0.2460 (reg=0.0048 align=0.804)
ep19 step120000: loss=0.2641 (reg=0.0055 align=0.862)
ep19 step120200: loss=0.2954 (reg=0.0047 align=0.969)
ep19 step120400: loss=0.2359 (reg=0.0051 align=0.769)
ep19 step120600: loss=0.3170 (reg=0.0045 align=1.042)
ep19 step120800: loss=0.2469 (reg=0.0062 align=0.802)
ep19 step121000: loss=0.2923 (reg=0.0046 align=0.959)
ep19 step121200: loss=0.3278 (reg=0.0051 align=1.075)
ep19 step121400: loss=0.2243 (reg=0.0062 align=0.727)
ep19 step121600: loss=0.4601 (reg=0.0037 align=1.521)
ep19 step121800: loss=0.2378 (reg=0.0019 align=0.786)
ep19 step122000: loss=0.2787 (reg=0.0024 align=0.921)
ep19 step122200: loss=0.3448 (reg=0.0051 align=1.132)
ep19 step122400: loss=0.2887 (reg=0.0041 align=0.949)
ep19 step122600: loss=0.3502 (reg=0.0053 align=1.149)
ep19 step122800: loss=0.4139 (reg=0.0013 align=1.375)
ep19 step123000: loss=0.2436 (reg=0.0065 align=0.790)
ep19 step123200: loss=0.5223 (reg=0.0181 align=1.680)
ep19 step123400: loss=0.2855 (reg=0.0054 align=0.934)
ep19 step123600: loss=0.1670 (reg=0.0036 align=0.545)
Traceback (most recent call last):
  File "C:\Users\a_hus\OneDrive\Documents\02_personal\04_education\01_GT_MS\01_courses\2026\cs7643_deep_learning\03_project\colab_train_cuda.py", line 147, in <module>
    train_final(wells, cfg, a.out)                          # final model for submission
    ~~~~~~~~~~~^^^^^^^^^^^^^^^^^^^
  File "C:\Users\a_hus\OneDrive\Documents\02_personal\04_education\01_GT_MS\01_courses\2026\cs7643_deep_learning\03_project\colab_train_cuda.py", line 114, in train_final
    torch.save(model.state_dict(), out)
    ~~~~~~~~~~^^^^^^^^^^^^^^^^^^^^^^^^^
  File "C:\Users\a_hus\OneDrive\Documents\02_personal\04_education\01_GT_MS\01_courses\2026\cs7643_deep_learning\03_project\.venv\Lib\site-packages\torch\serialization.py", line 1003, in save
    with _open_zipfile_writer(f) as opened_zipfile:
         ~~~~~~~~~~~~~~~~~~~~^^^
  File "C:\Users\a_hus\OneDrive\Documents\02_personal\04_education\01_GT_MS\01_courses\2026\cs7643_deep_learning\03_project\.venv\Lib\site-packages\torch\serialization.py", line 865, in _open_zipfile_writer
    return container(name_or_buffer)  # type: ignore[arg-type]
  File "C:\Users\a_hus\OneDrive\Documents\02_personal\04_education\01_GT_MS\01_courses\2026\cs7643_deep_learning\03_project\.venv\Lib\site-packages\torch\serialization.py", line 829, in __init__
    torch._C.PyTorchFileWriter(
    ~~~~~~~~~~~~~~~~~~~~~~~~~~^
        self.name, get_crc32_options(), _get_storage_alignment()
        ^^^^^^^^^^^^^^^^^^^^^^^^^^^^^^^^^^^^^^^^^^^^^^^^^^^^^^^^
    )
    ^
RuntimeError: [enforce fail at inline_container.cc:745] . open file failed with error code: 5
